person_id,ALTSEARCH,DECDIFF,MAX,NEGAFFECT,NEURO,REGRET,SATISF,SELFREPR,t_quest_max,t_quest_min,t_quest_mean,t_quest_std,nr_abandons,nr_scroll,nr_items_scroll,nr_revisit,nr_correct_within_item,nr_correct_between_item,inter_item_interval_max,inter_item_interval_min,inter_item_interval_mean,inter_item_interval_std,time_click_max,time_click_min,time_click_mean,time_click_std,nr_pauses,t_pauses_max,t_pauses_min,t_pauses_mean,t_pauses_std,a_max,a_min,a_mean,a_std,jerk_max,jerk_min,jerk_mean,jerk_std,vt_max,vt_min,vt_mean,vt_std,vx_max,vx_min,vx_mean,vx_std,vy_max,vy_min,vy_mean,vy_std,angles_max,angles_min,angles_mean,angles_std,curvatures_max,curvatures_min,curvatures_mean,curvatures_std,jitter,l_strokes_max,l_strokes_min,l_strokes_mean,l_strokes_std,s,straightness_max,straightness_min,straightness_mean,straightness_std,var_curvatures_max,var_curvatures_min,var_curvatures_mean,var_curvatures_std,w_max,w_min,w_mean,w_std
1,2.5,3.5,2.77,2.8,2.58,2,4.1,2.43,22.181,0.155,6.1696774194,4.8336426349,0,1,8,8,3,0,12.979,0.541,2.9835714286,2.5958222768,0.012,0.005,0.0073333333,0.0019840635,2.1111111111,10.532,1.138,3.7675405405,2.2591914913,131857.367753112,-114572.949549968,-2.96688041019064E-011,4060.2436647077,14650818.6392572,-27381146.3669647,5.08027955333953E-009,617215.746247847,2826.1244993282,0.0171784481,36.0824163487,140.7154505459,2510.8074364484,1.26318708579569E-011,29.9447957437,118.3972766058,2494.8611866802,6.31593542897843E-012,12.6255793701,77.645139176,4.3606497204,-17.6111222859,-7.2132321745,5.1826138855,2.0873782117,-10.8166495081,-0.003942576,0.1776506505,0.9636173768,826.699772151,8.9623502731,177.3912926889,187.4167932953,7120.1901731605,1,0.1015068989,0.8243365591,0.2362488268,184.5131549982,-16.6888550826,0.0244353406,2.2233459159,2.9102482271,-30.0236668054,-0.1083840207,0.9034176039
4,2.67,3.25,3,2.6,2.75,2.2,4,2.86,24.751,0.102,5.7256666667,6.6003393964,1,5,14,30,2,0,22.253,0.36,4.6822105263,6.4520636974,0.112,0.094,0.09925,0.0074624058,2.6666666667,20.43,1.055,5.4126956522,4.8348373646,12928930.9897925,-13045473.2707012,2.31893630320912E-009,52065.7160105125,13045473270.639,-25974404261.1079,-3.51984595334835E-006,80173962.7949724,15635.0718739746,0.0295001882,37.514455492,230.1579246705,13960.5481573986,0.000103169,31.1397700963,191.8145526602,15429.3871679871,5.68434188609405E-011,11.9877855818,128.3502620273,25.5958382758,-3.7405977956,13.6429418019,8.2881478403,6.3823738282,-6.4179936425,0.0007419494,0.1580775766,0.9741700892,1154.7950931587,5,300.6588797148,297.0316708582,14013.75336124,1,0.0622092625,0.7224521026,0.3150484058,65.8339734312,-29.7201938015,0.0026341666,0.7848523627,140.0815983785,-5.1051728973,0.1476923366,2.5753262686
5,2.67,2.58,3.15,2.4,2.67,4.4,3.2,2.86,21.219,0.106,5.38965625,4.6729280075,0,2,10,9,3,0,4.369,0.383,0.771,0.8258835384,0.152,0.136,0.1389047619,0.0033792752,1.2222222222,18.767,1.672,5.6817142857,3.5798815908,6892458.33356501,-6226496.0178087,5.67051741742422E-011,47026.074408399,6892458295.29331,-6892458333.63005,-3.51132802610675E-007,67909449.2437308,7043.5253492115,0.1570631975,48.232525181,235.4900446342,6634.7960908897,1.13686837721881E-010,39.1527641068,191.8165730083,3766.9536389571,0.0017213549,19.5154851529,138.1106325688,3.5730583811,-19.6547340539,-7.7381738776,5.7176771363,8.3053572679,-11.4073609079,-0.0004452638,0.2509220584,0.9408676225,1044.3151169825,33,363.8744721313,265.6329775356,9378.0947004029,1,0.1293400517,0.5901220024,0.2758426284,69.8506297305,-58.1716912876,-0.0056006953,1.7574521399,5.0716774073,-48.9346026778,-0.0802285317,0.822768601
7,2.33,2.5,2,2.4,2.42,2.2,4.3,2.43,13.945,0.152,3.7067368421,3.8284245123,0,2,6,14,5,0,9.641,0.345,1.427173913,2.0656850564,0.138,0.067,0.1024782609,0.0109895981,1.1666666667,9.493,1.457,4.0755,1.8154706415,1147995.12513566,-695221.219716776,1.10560845952841E-010,15173.2951617707,172219347.984361,-229599025.027132,-3.91058557737256E-008,3930728.09016706,8103.3097551526,0.4492517653,55.3409586939,238.5593681644,7175.7124150888,0.0002824139,42.2012893839,208.0474720588,3764.6753278194,0.0004615307,23.306923834,119.8552530924,-2.4678414008,-52.2047696687,-26.7914511862,14.7637076238,6.1840029838,-7.2295496684,-0.004211162,0.2302381817,0.9455024822,1089.5548539195,52.6685308572,377.2000407364,284.1678614115,8159.6257881021,0.9791786557,0.0327279426,0.4925357825,0.3609443252,71.467503209,-51.0676627073,0.0010060651,1.1353221884,-0.0004413557,-78.0073487652,-0.2743429597,1.9739947297
8,3.67,3.42,3.08,4.2,3.67,2,3.9,3.29,11.863,0.115,3.6509032258,2.8150625084,0,1,5,3,7,1,11.314,0.284,2.8508076923,2.34114658,0.157,0.067,0.1065384615,0.0197313315,1.4444444444,8.061,1.13,2.6759230769,1.4020182409,19754221.3882664,-21124318.2144324,6.47007100368115E-010,110100.806705067,21124318214.6313,-21124318207.127,-2.8065896102493E-007,156254372.871233,23005.913559027,0.0277444206,54.6440834663,271.3109161901,22572.7947394506,1.13686837721477E-010,44.4577963382,232.903987716,6901.3399116607,4.1942712414111E-005,19.9142494323,141.3444325825,12.3002873606,-28.3360884053,-12.8865662182,10.3149052206,11.2895092019,-7.0025333245,-0.0013294141,0.2569088302,0.9084256956,1089.7144566883,14,230.9850184899,237.688216491,7269.2611561766,1,0.0736806529,0.6161290311,0.3387555094,80.4013313821,-144.9929467863,-0.0132591776,2.2173893322,14.5859910706,-69.0978544556,-0.115693885,1.2650811046
10,3.58,3.08,2.46,3.4,2.83,1.6,4.2,2.43,13.932,0.103,4.2677948718,4.1062270672,0,3,18,15,2,0,4.511,0.388,1.20985,1.0760170665,0.009,0.006,0.0072,0.0008717798,1.7222222222,11.815,1.054,4.0205,2.600098277,227927.455056655,-317048.374255271,-1.36493951458641E-011,6099.7780107108,39631046.7818605,-56536073.5818892,4.20601404797062E-009,1034149.04579948,5720.8805940393,0.4681936821,39.1315308916,200.8373170487,3370.4434012877,1.42108547152099E-011,28.9735525065,131.4997527205,4622.6167967907,0.015059819,18.3961898047,152.9602337848,10.2347873824,-10.6150866777,-1.8616296773,5.7792294976,3.936303497,-3.202686046,-1.44118063473586E-005,0.1642670847,0.9179986622,1064.5459527331,11,210.8204410261,210.3060028946,7362.8646422915,1,0.0558394902,0.7452548306,0.3182264066,11.8748711231,-50.4722375996,-0.0117614873,0.9440059773,10.2674535723,-23.6854271449,-0.0043752556,0.5237317443
13,2.92,4.08,2.77,2.6,2.75,4.2,2.8,2.86,24.779,0.324,5.0344230769,5.2244375198,2,2,15,2,4,0,27.932,0.497,3.1181818182,5.6282384749,0.19,0.156,0.1701818182,0.0116214393,1.6666666667,30.753,1.438,5.2126551724,6.5525846086,3037363.16334314,-2508847.24343282,-1.11665026535594E-011,28969.826264193,1012454387.77628,-1463370654.8808,-1.34137992311866E-009,13716562.0862913,14378.3330416048,0.3985401812,49.960526195,281.5007143759,8463.511774146,0.0136887471,42.851854167,227.7103958306,14293.6217361599,2.40276184134312E-005,16.911963306,166.6264867722,12.6767808513,-33.1556604345,-11.1409170868,13.8376182358,3.973865988,-4.7555673475,-0.0024269104,0.1520650263,0.96294196,1613.8164472703,55.8046593278,320.5196605671,326.2844763827,10163.2275790687,0.9991382631,0.0740917857,0.6560319701,0.3225153552,27.5861783092,-16.7481947418,3.76803601523109E-005,0.4331387158,22.115170404,-41.1471039674,-0.0589589157,0.8375455363
15,4,2.67,1.69,3,2.75,2.8,3.8,2.57,12.397,0.103,3.3965128205,3.472297022,0,2,8,17,3,0,1.962,0.291,0.6131904762,0.3697407868,0.182,0.12,0.149952381,0.0155271688,1.3333333333,9.339,1.278,3.2089130435,1.7154726542,6313603.97785257,-6606679.64937155,-1.14460443700532E-009,73786.1377008856,6606679649.52778,-6606679544.49346,2.23501985654599E-007,104430947.18021,8833.0139559672,0.3913501147,80.2827242019,298.2246323845,7848.7024933697,9.22447043190148E-005,71.1382777969,278.9474142579,4959.9668822913,5.68434188605366E-011,23.722774125,109.3076514471,16.7984132631,-16.3183871524,-1.0211365525,7.39003095,3.5235218677,-3.4886425813,-0.0022775319,0.2171682837,0.9626212095,1238.0598889041,17,468.5640714374,290.9223531004,10777.2504825761,1,0.061941775,0.3249630832,0.3258115901,39.7723335648,-13.1753185102,0.0031862958,0.5494271151,19.3688069057,-18.9636986497,5.93018915999009E-005,0.4804746194
17,3.42,2.67,3,3.4,2.67,3.6,4,2.14,,,,,,,,,,,,,,,,,,,,,,,,,,,,,,,,,,,,,,,,,,,,,,,,,,,,,,,,,,,,,,,,,,,,,
19,4,1.42,2.62,3.4,2.75,2.4,3.2,2.29,,,,,,,,,,,,,,,,,,,,,,,,,,,,,,,,,,,,,,,,,,,,,,,,,,,,,,,,,,,,,,,,,,,,,
20,2.92,2.75,2.15,3.4,3.08,2.2,4.1,2.86,,,,,,,,,,,,,,,,,,,,,,,,,,,,,,,,,,,,,,,,,,,,,,,,,,,,,,,,,,,,,,,,,,,,,
22,3.42,4.25,3.46,3.4,3.08,4.6,3.5,2.86,25.72,0.127,7.2904,7.2124721587,0,7,16,10,2,0,8.711,0.641,1.6877,1.8689211353,0.387,0.238,0.3008,0.0424977646,1.7222222222,23.633,1.252,6.9982,5.7394402712,1242833.05926726,-2869134.00952877,-5.0042038066607E-010,19807.9166265468,717283502.220694,-717283502.383863,1.74394500458433E-007,6749086.84356327,12099.1451014484,0.1177640325,32.8136021219,237.3992749236,5734.2902077927,0.0002479409,23.3442297637,150.6772667699,11965.3382310376,0.0003617568,16.7701608851,184.1339679088,9.0502065229,-10.4472116144,-2.6796339047,4.6968140307,3.7185037097,-6.727748744,-0.0012112602,0.1804867099,0.9601368974,1125.4722187795,16.9450118674,263.3587051255,250.6657536301,8700.6721867712,0.9988300679,0.075299695,0.6052990828,0.3112336895,46.0597267813,-16.0856504748,0.0074266026,0.7358465339,23.327275348,-46.4853486722,-0.0269238972,0.7675487897
24,3.5,3.25,3.69,3.2,2.92,4.2,3.7,2.71,10.149,0.105,3.5149142857,2.912178079,0,1,9,12,1,0,5.15,0.266,1.6411052632,1.4307239204,0.164,0.045,0.0993684211,0.0274345355,1.5555555556,7.279,1.063,2.8844444444,1.677514019,23813784.6436156,-20706588.4128286,-1.92975683029497E-010,150048.541331007,23813784643.6157,-25281447107.3502,2.95338635066588E-007,219878576.639116,25509.9192534664,0.7283990525,81.6573944445,370.8886221402,20759.8852363312,0.0014985723,72.0206004583,318.6807423136,14825.0850011975,0.0004866585,22.5962864876,192.279290423,52.1846403597,-2.2707316209,24.283702088,14.4277688247,7.2444657375,-6.8331393639,0.0045356308,0.1997585784,0.8715026332,1489.8298631987,7.8811604621,376.163620413,313.9235772519,11118.7290209397,0.9998958855,0.03890739,0.6702154874,0.3549124571,55.92877508,-64.384591994,-0.0091214494,1.2587090494,330.6518926988,-0.286265068,0.1627403233,3.4152292552
25,2.83,1.17,2.23,3.4,2.67,1.4,4,2.14,8.686,0.123,2.5044736842,2.4653919805,1,8,27,13,2,0,6.729,0.258,1.2593,1.5286637335,0.118,0.107,0.1112,0.0021817424,1.2222222222,10.048,1.349,3.2426190476,2.1809774671,12757695.9756607,-11961633.7822066,4.92497432309183E-010,135831.312635505,12757695962.9872,-12757695975.5998,1.60646018982659E-006,192485907.473174,16393.4409569956,0.4429511173,83.331573538,458.7139482705,14322.6890399078,0.0001603872,60.5238405681,367.5225770588,8532.0900064257,5.68434188607385E-011,42.1696471446,277.2154007643,34.3564263743,-0.3258254369,13.0781079725,7.7951853319,8.8979150559,-10.4219838992,0.000978317,0.2078893689,0.9720317848,1608.8237026262,28.6381712883,391.5329938883,375.2723795945,9167.872957922,0.9991809707,0.0939499743,0.6904406142,0.2905672873,113.4851693199,-125.4861560448,0.0086590405,1.9634657448,30.3204431845,-0.0086798372,0.0959630146,0.8768002063
27,1.75,2.17,2.23,2.8,2.5,2.6,4.2,2.29,11.683,0.101,3.1720285714,3.0559884768,1,6,24,10,2,0,5.021,0.248,1.3346,1.31448558,0.016,0.009,0.01185,0.0016515145,1.3888888889,8.393,1.069,2.5259130435,1.515670634,98529049.5979429,-99121306.2643774,-1.35902429183687E-011,452455.287884351,99121306225.742,-197650355862.079,3.9132642021482E-007,778222884.155308,101895.257813665,0.4151046731,89.9119064599,479.8952439691,95860.3330527112,0.0026060163,67.936912341,409.1510075331,34546.2025689743,6.04012484470176E-005,36.2639244185,255.0461779157,6.5209728762,-16.2825400931,-3.7858688431,5.7210028765,8.6086205645,-134.9589845035,-0.0142341498,1.2140163869,0.9148351667,1780.5979298826,40.2825536171,510.604864453,418.4694633622,14471.4894012916,0.9999962762,0.0176378413,0.5070188318,0.333832882,17547.3763786015,-3474.0584334504,1.0347305905,155.6551276655,3.1580108271,-23.028414377,-0.0303315677,0.3817003633
28,3.58,1.83,2.31,3.4,3,1.2,3.4,2.71,,,,,,,,,,,,,,,,,,,,,,,,,,,,,,,,,,,,,,,,,,,,,,,,,,,,,,,,,,,,,,,,,,,,,
29,4.58,4.17,3.15,3.4,2.75,4.4,3.8,2.29,6.473,0.102,1.3229036145,1.5875701037,7,8,24,48,3,2,6.437,0.233,1.3632608696,1.6473712714,0.157,0.068,0.1210869565,0.0219543262,1.6666666667,6.361,1.079,2.7770909091,1.6630168891,46563908.6781923,-46009397.6373195,1.27032575257399E-009,188479.296122392,46563908435.575,-46563908920.5548,-2.30227838809533E-006,266690324.600411,47970.9162644895,0.3263340956,59.5701401884,408.5588791229,43583.8700362299,1.41052396428913E-005,33.0597409681,363.1640891601,20041.3342849143,0.0001093911,35.5840626094,190.3198141867,24.7018655639,-4.730146745,8.1818288676,7.1188878104,42.705244887,-127.7804521069,-0.0090868049,1.346194466,0.9106756633,1685.375246689,50.8587289389,468.4002767108,467.3344222457,12431.2615050109,0.9991165993,0.0549857084,0.424315529,0.258623037,44525.2503758858,-4450.1823882139,2.9627136208,415.6101358724,21.0163360507,-3.198168773,0.0731265155,0.5542668389
30,3.92,2.92,3.54,3.4,3.17,4.8,3.9,3,14.577,0.307,4.77525,3.6412169068,0,2,5,8,1,0,2.793,0.281,0.9017777778,0.6899307981,0.129,0.027,0.0697894737,0.0207023491,1.5,10.104,1.172,4.1002307692,2.3514258572,45748065.3817726,-43954522.879254,-7.13213885607036E-009,215192.625262904,45748065112.2455,-89702588260.5983,6.21652768962561E-006,348609742.225933,46797.1699571556,0.4774650931,80.8033685338,501.7654811703,46797.0687026913,0.0011307411,72.4220699098,488.6708759745,4686.881661355,0.0025946606,17.4879537799,118.1006888097,17.57252949,-9.4809722611,3.3539091608,5.3790424198,6.674342979,-4.280695023,-0.0007024121,0.1331958702,0.9036384805,1279.683453213,17.3446326327,450.8342896485,295.5618936557,14683.3315861261,0.9994129305,0.0793895246,0.5513876163,0.3142451488,34.3263532353,-60.8631887793,0.0007050452,0.728373226,29.0970687181,-3.1059365306,0.0233206029,0.3649254531
31,4,3.17,3.23,2.8,3.08,3.8,4.2,3.29,16.955,0.128,5.7549047619,3.8702820853,0,1,6,0,2,0,6.923,0.337,3.78755,1.7919310387,0.013,0.006,0.00845,0.0014309088,1.2222222222,7.313,2.063,4.309,1.5273019161,429025.904881752,-569555.345319165,1.29520350315646E-011,11145.1104719343,76813404.2818421,-87906040.7951481,-1.91799661523007E-009,2520791.10723382,7232.4434542672,0.2867125682,48.0356287158,260.6969574387,4846.6766755143,0.1173698962,41.7254976939,203.389197209,5368.2365374671,0.0118145447,13.3593305877,164.2670716579,28.0350903896,-0.3360980585,17.7451499123,7.4450405671,3.2591689553,-7.3112214567,0.0035378828,0.1416132616,0.975359574,1025.4741858011,33,277.836643496,213.3089090486,5937.9174327311,1,0.167447417,0.8275344683,0.2493182713,64.3634597214,-11.1192666864,0.0065977439,0.8707058948,82.036198061,-0.0006356594,0.1582381014,1.8457350087
33,3.83,2.67,2.46,3.2,2.75,2.4,4.2,2.43,,,,,,,,,,,,,,,,,,,,,,,,,,,,,,,,,,,,,,,,,,,,,,,,,,,,,,,,,,,,,,,,,,,,,
34,3.58,3.42,2.85,3,2.83,2.6,3.6,2.71,8.986,0.128,2.6079333333,2.5741158258,0,1,8,20,5,0,3.05,0.224,1.3115652174,0.7652078903,0.157,0.06,0.0971304348,0.0276032518,1.2222222222,5.063,1.077,2.5798571429,1.0816962115,7777210.08980688,-5856493.24947056,-4.2791458427807E-010,56471.3620640757,7777210089.80688,-7777210089.80676,1.66706426597792E-006,80847882.8922736,7777.210089807,0.4834320185,49.4297581646,185.9816614985,6977.3081140642,0.000453635,28.1886923323,140.9573558525,4582.0014630469,0.0014267235,27.713928874,124.9033186429,20.4327426939,-11.0001747617,3.2613248756,7.0238227137,1404.1591987683,-23.5421877159,0.2646983804,18.276033156,0.9309699648,855.2146115697,4.8997321852,258.1322439402,243.2339912392,5990.3928521608,0.9997100581,0.1433962842,0.5956752088,0.3080785924,89320.3732348622,-2183270.86834735,-353.3983822598,28385.303496512,50.8571122513,-12.7310076562,0.0338033134,0.7769060267
35,4.17,2.42,2.69,3,2.75,1.8,4,2.57,,,,,,,,,,,,,,,,,,,,,,,,,,,,,,,,,,,,,,,,,,,,,,,,,,,,,,,,,,,,,,,,,,,,,
36,2,2.42,1.92,3.4,3.17,1,4.2,3,11.574,0.117,2.7323684211,2.827186973,0,0,0,22,1,0,3.073,0.559,1.1130666667,0.6043638492,0.013,0.006,0.0101333333,0.0022764495,1.2666666667,9.564,1.204,3.4631111111,2.6537894685,6086953.28841586,-3886797.56948144,-1.0816959872152E-010,46111.9044263452,1521738322.10397,-2493437714.47433,5.10509374426174E-008,18715179.7895813,24347.8131536634,0.1896244414,41.7623109798,228.2902504102,22335.454203709,2.84217094303693E-011,28.7323939421,208.5241449473,9692.445041357,0.0350796587,18.5517466716,95.9608892127,10.7126753546,-9.7401441779,3.1717840206,5.3805685512,7.3504413728,-28.1484456087,-0.0134772994,0.6752234824,0.8851841851,1123.0163971187,6,238.3621211534,274.7477106896,5027.5519389971,1,0.1199158825,0.7028222262,0.2985474291,1561.6962388707,-164.0550752169,0.4531718355,25.6957839523,40.6797225377,-12.8704961882,0.0428388455,0.7408585836
37,2.83,3,1.69,3,2.83,2.4,3.8,2.71,16.407,0.227,5.1307407407,3.561289785,0,3,20,4,2,0,1.944,0.005,0.65305,0.3661227219,0.161,0.11,0.1357,0.0157990506,1.1666666667,15.499,1.58,4.3096,2.8344617549,2193258.6785899,-3419792.72673281,9.58228143700777E-011,29614.0992873632,1709007717.12296,-1709896363.35824,-0.000000132,19408849.0771761,11590.6917901963,0.257522783,51.4952626841,288.9010864354,8156.7422497361,0.0023644942,38.6424178712,219.6294995945,8234.7854888088,0.0029368706,24.6595580722,189.1484931663,10.30899446,-7.8758673709,2.8680394292,3.4184595904,7.3385049006,-70.046037944,-0.0108380824,0.8538545419,0.9567017032,2209.0179722971,9.9330783775,326.3729265016,522.8570746704,7819.9957046906,0.9994459381,0.0448883914,0.589269699,0.2823646035,4909.7890896979,-366.9808656348,0.6350074293,57.883399438,7.6412148831,-3.885748863,0.0192751794,0.1753398755
38,4.67,3.42,3.38,3.8,3.67,4,4.6,3.57,,,,,,,,,,,,,,,,,,,,,,,,,,,,,,,,,,,,,,,,,,,,,,,,,,,,,,,,,,,,,,,,,,,,,
40,1.83,2,1.23,3.2,2.75,2,4.2,2.43,,,,,,,,,,,,,,,,,,,,,,,,,,,,,,,,,,,,,,,,,,,,,,,,,,,,,,,,,,,,,,,,,,,,,
42,3,1.75,3.46,2.8,2.67,2.4,4.4,2.57,6.576,0.104,1.7694807692,1.915570155,3,8,37,12,16,0,6.998,0.304,1.421625,1.6337203086,0.128,0.057,0.0985588235,0.0175603014,1.2777777778,7.407,1.016,2.5197826087,1.4225958195,52743594.9113772,-39771215.7317295,8.60613927226007E-009,329684.628368481,52743594893.8886,-92514810643.9797,-1.73272062192399E-005,521273985.33813,56514.5361552689,0.3721419543,153.9785345648,700.6550216943,56264.5742799934,0.00015454,127.1741122232,585.9714542835,27129.6302221405,3.89104570784145E-005,50.5806700921,390.5542782896,4.5277900986,-29.1606471825,-12.8084737917,6.8335524196,7.6390668463,-6.9689296766,-0.0008328629,0.2077963079,0.9587034631,2831.5958396691,23.3826582652,862.6136011058,770.1057367854,20814.4752878749,0.999891194,0.0254511916,0.4110588148,0.3335877407,82.4595088588,-61.8056107053,0.0070046515,1.0593311666,1.180680642,-20.2902245897,-0.0512711086,0.4317914439
43,3.67,3.33,2.15,3.2,2.92,3.2,3.9,2.71,15.766,0.137,5.7413076923,4.0061516808,0,2,7,5,0,0,2.655,0.316,0.9500555556,0.652434541,0.011,0.003,0.0073888889,0.0015325682,1.7777777778,14.281,1.105,3.5318387097,2.5932938091,445779.811531344,-372580.512925449,1.65554826344044E-011,7757.7320008283,49531090.1702256,-65890474.100867,-1.18495033985187E-009,1239857.79934316,6899.1517517344,0.0802265934,37.4564828824,181.5294494098,3529.1077000314,1.26318708579569E-011,30.0051868869,141.046734589,5928.2116810248,0.0011073371,14.2743217518,115.5754310964,19.5902154243,-14.1371669412,2.2675144177,10.208261547,8.9509791395,-7.6939756546,0.0025359918,0.2111246914,0.9648935637,1252.089602737,10.1935570475,175.7706450834,222.7321893367,5922.2157431913,1,0.0893212068,0.8074051771,0.2505408235,79.2358405891,-101.7161159694,-6.83792531623605E-005,1.7999605444,216.7325229702,-12.2193671829,0.0459746853,2.9518357646
45,3,2.92,1.92,2.8,2.25,1.6,4,1.86,17.419,0.104,3.7926756757,3.8460082856,0,2,6,16,1,0,1.953,0.42,0.9704210526,0.4084898138,0.01,0.007,0.0083157895,0.0007292846,1.4444444444,14.616,1.238,3.46896,3.0634202386,3351042.6995361,-2991289.60898619,-1.03261425163789E-010,22379.1796385604,1675521341.65213,-1675521349.76005,-4.95492106500386E-007,16019535.7114503,10934.9439792942,0.1775821272,40.4288566081,232.7478056913,4195.2252034857,0.0041483206,30.3462875135,140.8511890175,10098.172375353,2.84217094303693E-011,17.2885406316,186.405968923,9.9530881279,-15.1369913823,-1.5797743565,7.1318915454,5.0616205753,-5.9244805045,-0.0020433631,0.2094314791,0.9390549128,1166.1774887057,3.0857142857,211.4955761184,251.7528990222,6390.0129841772,0.9996167808,0.2251098307,0.742549912,0.2420758771,60.8168630397,-48.5697876769,-0.0052673184,1.2077355778,28.165535885,-22.5835349717,0.0050298564,0.6544606842
46,3.25,2.67,3.15,2.4,2.58,2.2,4.4,2.71,11.204,0.102,2.7145555556,2.7882010732,0,2,6,21,4,0,2.739,0.292,0.7435454545,0.6089143638,0.012,0.006,0.0087272727,0.0017627927,1.2777777778,8.909,1.072,2.9897272727,2.0463577884,1720564.38314583,-1679595.8124707,-7.55623123319258E-012,21015.8664679419,618646728.026179,-573521461.048588,-3.36240935831594E-008,9374893.85756429,11177.2696161469,0.2381186835,73.4522880394,311.4827354035,6041.5842783605,0.0006781885,46.5834752406,235.8305667773,10293.3827475501,0.0230012559,40.4362925478,207.353714521,19.3311887858,-22.5358744067,-0.3078391673,12.0957844985,9.6588630016,-31.4400292911,-0.013784247,0.5323964647,0.7669337377,1480.1068148966,78.4688820053,384.7432540678,326.2000459701,9884.3335936182,0.9954015256,0.0760258222,0.4630033696,0.3011342211,985.6717729661,-248.5127949441,0.1244909935,12.0963441046,19.1648802528,-11.4710779023,-0.0089043339,0.547260924
49,3.58,3.33,3.46,3,3,2.6,3.1,3,11.543,0.103,4.4886,3.5488310432,0,1,8,7,1,0,8.606,0.733,2.5092631579,2.3412288011,0.017,0.013,0.0153684211,0.0010863035,1.1666666667,8.299,1.099,4.49875,1.6927017716,16434857.9638905,-16187119.5928588,-2.35208434276985E-009,76057.6705013844,16434857963.929,-32621977556.5935,0.000003446,125021781.503227,17098.3300725557,0.2519016526,47.2428246632,218.9120659096,13481.3025951998,0.0018914661,38.1130362123,164.8859634635,10517.0039272943,0.0001562314,19.0534116895,145.4350717996,20.3535324818,-12.2350617224,4.1729471921,7.8283301595,3.4118154552,-5.3907328166,0.000654641,0.1770652648,0.9418626974,1759.600995598,8.7480223274,291.0249872539,360.6799142792,7178.0058749149,0.9985137432,0.0809014849,0.6824603855,0.3396882734,35.5255214769,-19.8234713588,0.0022412934,0.5925452719,14.565889538,-6.3314019517,0.0239077205,0.370266928
50,4.67,3.25,2.85,3,3.08,2.8,4.4,3.14,,,,,,,,,,,,,,,,,,,,,,,,,,,,,,,,,,,,,,,,,,,,,,,,,,,,,,,,,,,,,,,,,,,,,
51,3.83,2.08,2.23,2,2.58,2.6,4.6,3,,,,,,,,,,,,,,,,,,,,,,,,,,,,,,,,,,,,,,,,,,,,,,,,,,,,,,,,,,,,,,,,,,,,,
52,3.92,3.75,2.85,3.2,2.58,2.6,3.6,2.14,15.603,0.102,5.8509615385,4.1704172682,0,2,6,4,3,0,3.481,0.425,1.209,0.7394787096,0.02,0.013,0.0154285714,0.0024215585,1.6666666667,8.237,1.038,3.2863793103,1.8520158712,8537549.10479034,-11459635.8975875,-7.33424376077069E-010,54336.4062199348,11459635897.5327,-16850803184.7961,1.21052848082288E-006,84725225.6012393,11774.9111692366,0.0673511947,43.1099554012,244.5705440423,6169.9433312953,2.27373675442146E-010,34.1796854093,177.5903369224,10028.9746401122,0.0001888877,15.6647049823,169.4734717376,41.9189791429,-0.0392829623,23.5946483014,12.862026953,7.9920835198,-6.2867494104,0.0045905399,0.1946336736,0.9357907123,830.286754916,34.801906008,218.417016371,191.8737677341,7396.1532098368,1,0.1139539047,0.7492686745,0.2730737563,62.6464881833,-64.228840561,-0.0041110139,1.1706362122,110.990136371,-5.02037925416972E-005,0.2964450242,2.4843748874
57,3.17,3.17,2.31,3.2,2.92,2.4,3.7,2.71,15.586,0.267,4.4382068966,3.1348057123,0,5,16,5,1,0,4.316,0.46,0.7611052632,0.8450742661,0.196,0.183,0.1903157895,0.0024720039,1.2222222222,6.372,1.243,3.4768095238,1.2253458839,14671466.8995466,-15084709.8315752,6.25103605804731E-010,76355.7948067031,15084709831.5768,-29756176731.125,-60.1600421524,123485924.770448,16240.3966256315,0.6699262455,56.8826228638,312.9418341237,16240.3963993849,3.71130681742092E-005,41.0853778203,269.232940017,3714.8725582019,0.050700211,27.6738116799,161.9506104184,16.9039264926,-1.3315544611,8.7756386681,4.8280672382,4.4423966717,-13.8088937112,-0.0017587763,0.2327916385,0.9177665376,1676.1975976257,36.5768056212,335.9569528579,382.6152117406,7878.2746506909,0.9994911513,0.025566915,0.6120082715,0.253944411,193.9808595917,-25.0160082792,0.0256920799,2.3423742532,100.2652040406,-0.1739939657,0.0938210925,1.3345106675
58,3.83,3.33,2.69,2.8,2.5,3,4.5,2.29,12.661,0.105,2.7889591837,2.8148327892,0,5,16,18,6,1,4.172,0.349,1.0376,0.9544395633,0.158,0.134,0.1438,0.0064187226,1,9.404,1.06,3.0722352941,2.024525203,1492072.25829729,-1718317.74960727,-2.10098358190262E-011,34155.91463571,572772583.202417,-572772583.184716,2.98309680369254E-008,13628037.0590517,11408.7380792561,0.3351156622,87.1081750222,389.7722218902,10417.3864748675,0.0002608948,65.5026733406,348.7802327291,4811.1892832345,1.89478062869353E-011,38.0382808658,179.2346432596,26.7419707458,-25.8967001127,1.6873611465,12.2131723163,5.8432192273,-10.3236740357,-0.0002373164,0.2395329376,0.9514501595,1960.8672908191,77.8164076932,640.3657916294,602.7580956544,12074.6321211211,0.7985070838,0.0419900133,0.3613289598,0.2281121603,152.4226961045,-37.5530514545,0.008314731,1.5469267833,38.8132575514,-40.1197397957,0.0077306573,1.1503162284
60,3.25,2.83,2.62,2.8,2.83,2.6,3.6,2.86,15.283,0.104,4.1397894737,3.9197729872,0,2,6,16,0,0,1.838,0.335,0.6943529412,0.3774089592,0.014,0.011,0.0122222222,0.000974996,1.7222222222,9.358,1.271,3.34,1.8743792572,33118671.352122,-33001730.2137305,-8.32559402961618E-010,198314.487519117,33118671341.0234,-66120401565.7716,-2.62505720537699E-007,331959421.91315,33877.5093709769,0.1633422896,57.331382624,395.8565648579,19013.0282676256,0.0009270481,37.8582755067,287.265745125,32194.3996978086,0.0068121146,28.3643274123,274.2807229073,48.7959632244,-4.7113692445,16.2767239051,16.3733439019,46.6000614491,-2.6419707699,0.0163680693,0.5564754161,0.9232892523,1819.8086085843,4.3663432447,303.1745869572,391.2972753878,9667.3017167132,0.9999639277,0.1215399233,0.658286637,0.2987643151,617.2717103034,-2007.3946526874,-0.2089220188,22.3001751332,98.1106769821,-20.0664281679,0.1788678157,1.742076381
61,3.33,1.92,2.31,3,2.75,2,3.6,2.57,,,,,,,,,,,,,,,,,,,,,,,,,,,,,,,,,,,,,,,,,,,,,,,,,,,,,,,,,,,,,,,,,,,,,
62,3,2.17,2.23,3.4,2.75,2.2,4,2.29,21.88,0.174,6.57496,4.681276659,0,2,4,1,3,0,2.543,0.427,1.2485714286,0.6319428524,0.199,0.119,0.1515238095,0.0215906043,1.4444444444,9.008,1.029,3.41392,2.2720672511,15173135.088873,-13324596.0359073,2.30426211646754E-009,74138.7352081371,15173133664.3481,-19204776175.555,-1.42377354893499E-006,110106650.273962,17406.935088719,0.1461860045,46.7542463084,174.7714032925,10320.2043672794,0.0009390623,43.3416591749,145.1449355824,16456.1583611025,1.28352724004186E-005,9.9189994388,98.4228868789,12.8138063857,-25.5358827078,-7.3846912875,10.7959310399,11.8763023163,-15.6724437219,-0.0053408596,0.3461759028,0.9721005667,2597.9011947784,2.1979372036,320.858492554,505.0038344876,7740.7906402711,0.9981076852,0.0266984711,0.5365846886,0.4181968894,262.2305711855,-140.3956300773,0.0166345649,3.0694087025,81.1522585227,-91.7000474615,-0.0966859408,1.6503829938
63,3.5,1.67,1.69,2.8,2.25,1.2,4.2,1.86,16.911,0.107,3.5480444444,4.3957667108,1,6,22,24,2,0,1.555,0.201,0.4462,0.2828023338,0.133,0.07,0.09645,0.0181919625,1.6111111111,11.623,1.241,3.6527777778,2.4316124255,12335272.8590625,-11838006.0280994,-6.2196963421308E-010,88836.7961862999,12335272859.0641,-12335272857.819,3.18220760025696E-007,125650624.832563,13954.355446634,0.0589328459,54.0395226766,330.4202590493,8052.3511126641,0.0001167119,30.4589845039,222.6888048484,13800.8746229461,0.0008714856,32.2814767589,246.0440414189,5.3239144766,-17.2774104687,-5.002951229,5.1793625106,253.7062834143,-8.0325772349,0.0222957718,2.3453088742,0.9368191792,3595.5401827617,5.5763329133,482.2673652197,806.9736167947,11848.5076379083,0.9999798589,0.0165010846,0.6153237688,0.3289841298,5609.5330083262,-88514.0957529209,-6.9785741403,813.5228115205,1.1979605592,-86.6546795178,-0.0796925187,1.2654650393
64,2.75,2.92,1.85,3.2,2.92,1.8,4.6,2.71,9.286,0.105,3.4744285714,2.3591603898,0,2,8,7,1,0,4.392,0.308,0.9685789474,0.9046548813,0.157,0.077,0.1185789474,0.0208284112,0.9444444444,5.583,1.267,3.1075625,1.4054622002,7577074.8652916,-7736140.13490913,-7.90794157837833E-010,58301.9225771648,7736140134.92716,-8217487887.23259,7.88671732708492E-007,84576995.7953692,7776.2166235007,0.3082574323,51.0135634231,231.9553744652,4818.1723281755,7.12316250425156E-005,36.7600115155,172.4724397502,7775.8378235363,0.0001091936,21.9331715276,157.5645088945,24.8055798354,-1.5773690472,11.8923756844,6.8375233145,30.1794999358,-7.7314614576,0.0107782221,0.5216584455,0.9271382748,1069.9002102743,3.1235332375,293.1482651928,287.6262253951,5423.4298740574,0.9991201317,0.0774644612,0.5540056217,0.3196717989,317.8386461456,-544.3375251511,-0.0934256641,10.1107832703,35.9480689576,-0.1377760119,0.1403870538,0.9480873554
66,4.33,3.17,2.92,3,2.92,3.2,4.2,2.86,10.732,0.116,2.59545,2.2798332938,0,2,7,8,1,0,2.09,0.325,0.8067368421,0.5764067316,0.139,0.07,0.1032105263,0.0167318761,1.2222222222,4.569,1.035,3.002,1.0693807732,5950345.4306983,-5371694.43731465,5.24456595526652E-010,55939.0408393023,2975172715.34028,-5661019934.00458,-3.25643425031385E-007,43064740.0642135,12538.9464343616,0.2468026249,64.3544032533,278.4743969727,10821.3756854811,1.18358798317641E-005,47.4585741625,199.0338606911,7248.4017454872,0.0001449104,28.815010716,197.464883414,55.7951432244,2.2926987565,31.2695836158,15.9278009209,2.9225409514,-15.6091489456,0.0045927765,0.2527088841,0.9143884446,807.069667419,33.7809245304,292.4921192672,189.0872541778,7481.6770871683,0.9968038936,0.064534498,0.4572196764,0.3130367753,274.5969891955,-16.5134462073,0.0495370787,3.5187948365,213.6379695485,0.0008647646,0.3485759738,3.7075855964
68,4.25,3.83,2.69,2.8,3,4.4,4,3.14,18.621,0.134,4.8498431373,5.0692610993,0,5,15,27,1,0,7.611,0.374,1.0005263158,1.6123607853,0.14,0.06,0.092,0.0212454329,2.3333333333,9.817,1.158,3.909902439,2.3858230037,7424335.63489787,-7754810.30335375,2.65355366357269E-011,54784.2772236341,7754810303.31672,-7754810033.97532,1.32588202339734E-006,77518915.6073002,9741.7817702052,0.2115389352,39.1118089282,258.3792571617,8693.3185353704,0.0004283527,25.4838201952,211.8730868763,5407.9249915709,1.13686837721073E-010,21.5633939566,149.281492945,49.9333517093,-1.7003941814,16.5753886065,15.4181716214,58.8094401399,-8.781341591,0.0109029341,0.6393098953,0.7705948479,1113.8568137729,5,281.8174267742,255.0887976913,10272.4819287128,1,0.1084931646,0.6437543018,0.2866990907,155.6403682656,-5531.152166031,-0.5370683201,55.7125695341,36.7178103062,-1.0663335641,0.1933543247,1.3976523251
71,2.42,3.67,3.08,3,3.17,4.6,4,3.29,7.08,0.107,1.2973506494,1.76320871,9,9,39,45,0,0,2.489,0.216,0.6708888889,0.5106663282,0.112,0.032,0.0655555556,0.0179450464,1.1111111111,5.815,1.063,2.2728888889,1.1813092026,19774425.8753349,-19234901.2402501,2.16583424131099E-009,190512.013949127,19774425871.5916,-19774425879.3487,-7.12489181881546E-006,269526672.253434,22236.7759855498,0.2641665487,239.780291664,698.5917771948,22197.843406403,1.13686837721881E-010,205.430589482,620.632547542,11229.0255471281,4.45693331128187E-005,63.4795320825,337.8001217851,40.8441694181,-32.6193220436,8.1479814769,19.2094680541,6.4638980655,-25.3844531548,-0.000546588,0.2640787388,0.9663955628,6576.0483228159,84.6981182911,2362.7305638221,1858.5282275521,48568.097507631,0.9319841018,0.0163436817,0.2394744244,0.2603471519,893.9760138021,-156.6182011218,0.0168292133,4.3036872982,71.9154612647,-20.6956619129,0.0374246921,0.7163860633
73,2.75,2.75,1.85,3.2,3.17,1.4,4.2,3.14,8.81,0.105,3.005375,2.4752738201,1,4,9,10,2,0,6.53,0.229,1.88395,1.9323839027,0.008,0.004,0.0057,0.0010535654,1.2777777778,6.812,1.04,3.0411904762,1.8594030947,939288.814554818,-979017.357012179,2.0409900563556E-011,16389.6351914055,156548135.75913,-213916540.318463,-3.62745950059432E-009,3816719.811057,9153.1116704219,0.3793263963,57.0941661206,270.7704774533,5777.03205305,1.89478062869353E-011,46.9193504242,216.7871432549,8275.2538286037,0.0119947443,20.0370932268,164.246215285,12.597914731,-9.9642697773,1.2147986559,5.3915021219,16.9157059102,-2.4275760969,0.0016616805,0.247201473,0.9120886437,1266.711017322,16.2204631754,308.8632229212,284.6946652306,7908.1321182608,0.9996386547,0.1078070168,0.5691909555,0.3160714802,25.4559747181,-414.5240617475,-0.0590412165,4.8499279151,59.186738373,-3.2882700678,0.0299664788,0.7965430604
74,1.92,3.25,2.23,3.2,3.17,2,3.8,3.14,16.319,0.101,4.2718611111,4.7134711976,1,3,15,15,2,0,1.992,0.29,0.5668333333,0.4322060016,0.015,0.011,0.0123,0.0009,1.3888888889,14.13,1.046,5.1700909091,4.0214397231,31509896.0959468,-28660257.2239345,3.68057473479508E-010,119032.116210616,31509896088.6332,-31509896102.3211,-3.81975157342402E-006,169025922.776146,33164.8583503064,0.1566359125,43.4390929319,255.5531689351,13314.3525346988,0.0044648195,29.2449687647,165.221219302,32085.3163556405,0.0018453197,21.7848227146,196.3834996662,24.3121288773,-12.826992697,2.4691465062,7.8331609331,70.5002138193,-6.1457492514,0.021763461,1.1105356183,0.9248277678,1595.5457722807,12.8451409313,360.1226283406,323.294381344,10203.5134974914,0.9973809309,0.0510287322,0.5701190832,0.3230831829,2436.1351335954,-9400.1852679104,-1.1079193167,104.8689682005,8.623402415,-34.6588654155,-0.0008591863,0.499310022
75,3.42,2.42,2.31,2.8,2.5,2.4,4.1,2.29,,,,,,,,,,,,,,,,,,,,,,,,,,,,,,,,,,,,,,,,,,,,,,,,,,,,,,,,,,,,,,,,,,,,,
76,1.92,2.75,2.15,2.6,2.33,1,4,2.14,,,,,,,,,,,,,,,,,,,,,,,,,,,,,,,,,,,,,,,,,,,,,,,,,,,,,,,,,,,,,,,,,,,,,
77,2.5,3.33,4.08,3.2,3.25,2.6,3.3,3.29,9.402,0.103,2.3824142857,2.6065142158,5,10,37,31,9,2,4.985,0.473,1.37912,1.1865104911,1.288,0.196,0.286137931,0.2450191722,1.3333333333,6.955,1.33,2.8933157895,1.3538064097,40466778.0428875,-39634269.4091226,8.17681513697495E-010,208323.758034075,40466777979.3058,-80101047452.0545,-35.1515314348,316623826.985442,41440.5777906462,0.0812376485,121.8675949399,549.3240017709,41358.8320544554,5.68434188605366E-011,107.1605774026,489.1808653296,17490.9954177652,2.26202701013619E-005,33.8638593985,254.3236133175,90.9988542957,-20.71820663,23.6667470644,30.7995411687,16.1527641881,-17.1603274906,0.0027352974,0.2594177756,0.9383129727,4410.185538515,74.0529075695,1380.8071889085,1057.0758425986,32254.1282350309,0.9969040787,0.025673017,0.4254586827,0.3571836326,493.5048522063,-164.6931567415,-0.0004304684,3.2197413651,98.3266698124,-200.5680856791,0.1056230651,1.5640899791
79,3.75,3.58,2.85,2.8,2.58,4.6,3.7,2.43,22.161,0.111,5.0940769231,4.7538483001,0,2,5,11,6,2,7.998,0.36,2.1656923077,1.5660818519,0.057,0.01,0.0167307692,0.0086671692,1.8888888889,9.078,1.067,3.4497272727,2.1279962302,19222088.7666646,-18657408.4264358,6.04258037628025E-010,85589.8304326748,19222088318.774,-37879497192.9196,-976.005950576,137370988.613985,20199.1291972917,0.4013752549,44.9072827049,185.9358817768,16645.8319200818,2.91954620477979E-005,37.2746114821,167.2066447117,11442.0758613666,3.99067195169158E-005,16.343872209,83.511887276,18.9966783926,-19.5264869583,-0.3497458482,10.2348381554,37.7222167945,-12.4843919484,0.00053697,0.4556578509,0.9524228008,1383.7040815872,8.8158338776,255.3347481652,267.5276314469,9749.570369568,0.9998839399,0.0109708569,0.6862286319,0.327622838,199.4324581567,-2256.0469431316,-0.2234021975,23.8214603269,55.1379677828,-230.8439439301,-0.0065160827,2.6199302644
82,3.25,2.08,3.31,2.8,2.58,2,4,2.43,12.931,0.11,3.7228125,3.5524089928,0,2,5,8,2,0,9.073,0.727,3.0541,2.2366889346,0.009,0.004,0.00475,0.0012599603,1.2777777778,9.107,1.051,3.5618181818,2.2470327431,737065.051051806,-482465.002305277,9.99696666366489E-012,10118.2722877227,248923590.776452,-368022812.560915,-2.81622836353054E-009,4741227.33505148,4281.8049262052,0.1882679267,50.8410148825,184.7878136066,2992.667246097,0.0011744048,41.299691642,143.7760401733,3524.1142723753,0.0058066103,19.9034544104,118.1439084198,47.526359647,1.7903601838,20.6334941419,13.3500971324,3.9748169159,-5.4022228832,0.0039135693,0.2078468846,0.9615416958,625.9443034163,24.8470352098,261.6813759052,176.5483898457,6355.1896406387,0.9995810394,0.0471777283,0.6654112391,0.3232585192,89.4112118727,-17.0357397262,0.0049872077,1.246513174,184.1442691122,0.0014477202,0.2949369125,3.8225527893
83,4.33,3.08,2.54,2.6,2.67,2.6,4,2.71,,,,,,,,,,,,,,,,,,,,,,,,,,,,,,,,,,,,,,,,,,,,,,,,,,,,,,,,,,,,,,,,,,,,,
84,3.75,3.25,2.69,4.2,3.83,4,2.9,3.57,26.122,0.104,3.9695322581,4.5994089898,3,1,3,31,6,2,5.235,0.101,1.241375,1.2497358325,0.064,0.002,0.0187692308,0.0172276783,1.7222222222,27.386,1.051,4.2515517241,5.6114588587,1359582.07110614,-1887556.87833361,-2.55938482214875E-010,12621.9541142104,943778439.166808,-1103196038.42959,-1.73851933648335E-009,8808530.00196469,4902.3779322248,0.2917216255,22.5773249114,90.7107171992,4531.5841760236,2.08274286705006E-007,15.6054162532,71.810019422,3773.8138163964,0.000059581,12.1693191204,56.478930419,2.9721145748,-79.6789421312,-40.8753556586,18.1964921963,19.1026731412,-8.5262415005,0.0023183238,0.480762485,0.7960145709,2314.6710324459,5.9783239949,409.0393430957,557.8654954853,13083.7340899305,0.9999999983,0.0396600937,0.4719646961,0.3199417767,83.8638021404,-1552.3683658843,-0.1393894506,14.5654838653,0.642850871,-118.4403079222,-0.7481749254,3.2632500196
85,3.17,2.42,1.85,3,2.58,3.4,4.1,2.29,12.647,0.112,3.2063333333,3.2312784112,0,3,11,11,0,0,1.72,0.305,0.6109411765,0.3885910402,0.132,0.08,0.1088333333,0.0134546564,1.3333333333,7.092,1.121,3.8792608696,1.5401603592,51125692.6162851,-61251058.768751,1.84147750313703E-009,281941.49766356,61251058768.4586,-112376751386.096,-9.22764678823568E-006,482872907.269261,62371.4989982214,0.2315624086,47.9543344984,383.3761824076,32629.1619121886,0.0001673043,29.2595430929,223.089827086,53155.824518046,7.45994839231647E-005,26.6305891846,312.9577213347,38.6069901229,-7.4360987006,11.3952169925,14.9563748407,23.6640991779,-4.817309659,0.012966742,0.4037146579,0.9406797742,1484.1244214345,20.2804263537,239.9469612384,308.4588956743,6673.8834169479,0.99943341,0.1731954617,0.6769796281,0.2600461292,26.1575929213,-683.7169125443,-0.1483168382,9.0636131356,14.0209901327,-13.4957276487,0.0369955937,0.4512108764
86,3.58,4.75,2.54,2.6,3.17,4.8,2.9,3.57,,,,,,,,,,,,,,,,,,,,,,,,,,,,,,,,,,,,,,,,,,,,,,,,,,,,,,,,,,,,,,,,,,,,,
87,3.5,2.92,2.08,3.4,2.83,3.6,3.5,2.43,6.73,0.16,3.50588,2.1775025937,0,3,14,4,1,0,1.924,0.211,0.43,0.4107710906,0.147,0.095,0.1255263158,0.0145181136,0.9444444444,4.28,1.488,2.7843125,0.7480122592,37389831.2398093,-30741139.7620264,7.39723108567569E-009,237192.341808061,37389830863.923,-37389831562.4524,-1.14669444314443E-005,335489901.56006,42917.6175396785,0.5004234677,88.7998296142,534.8535317719,32982.1680892443,6.47713704894759E-005,67.4937410447,394.836495016,27460.853654155,0.003705542,36.6221151971,363.5399125132,13.0507612641,-19.6521686185,-2.7575322578,8.4698854121,4.3824620355,-9.1120683926,-0.0010494244,0.2650585803,0.9252346348,2157.5093512097,84.3320682952,449.0953278141,466.4032314737,7974.4821268697,0.8605980705,0.0724762183,0.4609192991,0.2129321631,117.1720742467,-21.8397784161,0.019770714,1.4990634209,12.3177866873,-19.9926257181,-0.0143135952,0.4971751743
88,4.83,4,3.38,2.8,2.25,3.2,3.2,1.86,13.043,0.102,2.2944797297,2.9267782593,7,6,13,107,11,4,5.252,0.332,1.3455151515,1.0297789737,0.184,0.008,0.1026363636,0.0301046842,3.7777777778,10.144,1.047,3.8070615385,2.6825727254,51859608.1743469,-50523663.0234533,0.000000011,211451.355401026,51859608172.6244,-100959870299.393,-2.01922690650945E-005,322907065.852406,54467.4112305512,0.16579701,57.9734447039,399.4536254712,54365.5552812364,1.13686837724304E-010,47.8848707215,386.3608896428,10260.9059015274,2.27373675448609E-010,17.8386750615,105.0628524996,43.9822971503,-15.7721778988,16.0830024589,15.6219526648,11.9937878564,-14.6053078668,-0.0021839953,0.2342412483,0.8967053102,1743.3774108234,5.1991896549,572.6192231227,528.4306136927,38932.044498608,1,0.0384801334,0.5386944031,0.3383335542,217.6285550763,-208.0791462462,-0.00069267,2.5338744458,127.2969269354,-12.3790423885,0.1165002243,1.5942354438
89,4.25,2,1.92,2.6,2.83,1.6,4.1,3,,,,,,,,,,,,,,,,,,,,,,,,,,,,,,,,,,,,,,,,,,,,,,,,,,,,,,,,,,,,,,,,,,,,,
91,4.17,3.67,3.31,3.4,2.83,3.2,4.1,2.43,16.114,0.207,3.5135714286,3.3010896191,0,4,9,11,8,0,2.52,0.496,0.9966923077,0.629650133,0.406,0.205,0.2848461538,0.0570483549,1.2777777778,5.786,1.05,2.6405454545,1.3278807356,3834622.08431735,-3102567.57437664,-3.31117475494852E-010,50450.3703574865,1917311041.73001,-1917311042.15628,6.62021614733101E-008,33800977.7940094,10503.2480133267,0.3843426919,73.3066018636,363.4747125047,10359.1072275086,4.26166479884243E-006,60.9595844988,338.4039608888,6112.8149825334,0.0001619652,26.1862350112,136.2669949605,16.216041045,-12.1408666197,1.0376572747,6.3002175412,3.7610324608,-19.3820493795,-0.0005180522,0.2941751307,0.9480113468,1628.6007689672,21.1247563717,507.091843062,485.1613516938,11158.4728181111,0.9948096414,0.0278415215,0.4027660303,0.3231555117,377.4172300265,-91.0141991512,0.0228257677,3.8393791476,19.8299307431,-10.3517852908,0.0112355238,0.536984388
92,3.33,3.83,2.85,3,2.75,2.2,3.6,2.57,13.402,0.133,3.4392765957,3.4853605125,1,5,16,19,3,0,1.722,0.28,0.6068095238,0.4480335467,2.177,0.143,0.2531904762,0.4302524861,1.2777777778,9.01,1.391,4.2435714286,2.3461109577,1400703.32424222,-1455383.21157794,1.55607374560436E-010,24867.5525488863,466901108.056497,-640436031.050713,-0.000000069,11015877.8679518,9963.2883396784,0.1198441733,56.5788365082,247.8302718403,6531.6076747723,1.30944499687752E-005,44.2692395572,206.1381530142,9453.1999817867,0.0013837263,23.649786162,140.0321116618,39.2820554002,1.7245752835,18.832337656,10.8342302555,18.3081967446,-9.5178250145,0.0066963864,0.2993168135,0.9548103672,929.8840915745,85.6496450365,434.8316476758,200.8039827581,10651.8009995287,0.9992429863,0.0499838436,0.4103546549,0.2940634129,100.7100219847,-384.9634258303,-0.0387923185,4.265803468,225.8164447626,0.0005219277,0.2343061588,3.1020935147
93,3.5,3.58,2.85,2.8,3.25,1.8,3.9,3.57,20.295,0.102,6.0023225806,5.5969185496,1,3,13,8,1,0,3.689,0.248,0.6426842105,0.7829526471,0.028,0.012,0.0138421053,0.0035282791,1.4444444444,15.829,1.623,4.9150416667,3.3404922227,17397008.83466,-16897043.3117723,-3.3282936098279E-009,93923.8929699673,17397008829.6659,-34294052146.3904,5.94484769972525E-006,151805536.705794,17932.1064878849,0.1114014813,27.3230153528,189.9034906858,12559.4837034382,1.13686837724304E-010,21.6110575364,154.7883232744,17931.9980996819,7.12662995280205E-006,8.9329969439,110.9216916491,7.9189552478,-20.1892342958,-5.3838764415,6.6403703391,3.1632731198,-12.0446825948,-0.0038833841,0.1747515838,0.9190236385,1303.0277328583,3.7405149245,331.4290928562,293.2159125319,10421.9903995859,1,0.1378649883,0.6174637903,0.2896470847,166.9709869285,-16.2789708185,0.0184539268,1.8330455673,4.4784954925,-20.2285311581,-0.0566084059,0.654304703
96,3.5,3.33,2.54,3,3.17,3.6,3.8,3.29,,,,,,,,,,,,,,,,,,,,,,,,,,,,,,,,,,,,,,,,,,,,,,,,,,,,,,,,,,,,,,,,,,,,,
97,3.25,2.08,2.08,2.6,2.58,1.6,4.2,2.57,15.777,0.107,3.6812162162,3.471596674,1,1,2,11,3,1,3.05,0.449,1.1701904762,0.7156451381,0.279,0.133,0.1975,0.023532859,1.5,15.815,1.09,3.0078076923,2.9939501694,55719121.1715153,-55673174.3284867,-5.37536935803932E-010,215292.712786922,55719120319.0654,-55719121171.2492,6.83244208316353E-007,304604278.777772,55764.0681829118,0.6875682994,72.6723462746,428.1260082453,6930.0942680203,0.0003172959,61.8800618206,249.3260784895,55763.4021135474,7.48603952157345E-005,24.9857040785,349.2223188385,36.7588166877,-3.0086725512,14.9876286552,7.8675200794,25.1982069556,-25.5320509043,0.0014046064,0.3842181585,0.9671874704,1685.8027965091,59.6818121972,464.9137619828,386.4449230051,12901.4186867731,0.9988111089,0.102884303,0.5849424098,0.2911922285,674.738525779,-1397.5080250077,-0.0289382414,12.561006089,13.172327243,-1.9024776369,0.1014679156,0.3997029639
98,3.42,2.42,2.92,3.4,2.92,3.6,4.2,2.57,13.503,0.134,3.6630425532,3.3527930367,0,1,4,18,8,1,7.077,0.471,2.4983333333,1.8073116315,0.218,0.179,0.2024444444,0.0102137646,1.7222222222,8.236,1.08,3.3942,1.7381249169,7494509.26963919,-7613194.28872781,4.17126747903514E-010,53071.1140492297,7613194288.69146,-15107703558.2949,7.6793602437884E-007,79387093.3142402,9270.4406519436,0.3793871147,42.2732272286,207.1460808953,9266.3805447852,0.0064044001,30.3349076448,180.5384584313,3932.9460927796,2.48880951402219E-005,19.476591685,103.9367372606,64.0531891297,1.8935008066,38.4435099616,17.9808431574,750.3154298129,-4.1782423121,0.1238909222,8.8034093676,0.8115403246,754.3303503228,10.502849876,270.2457173955,187.1835440852,7990.2042653362,0.9999748857,0.0622297183,0.6229090992,0.2480400578,89949.9123279784,-1018811.19539794,-125.4198500941,11909.9748184801,212.8250496328,0.0005034892,0.4722281222,4.002723115
99,3.42,2.83,2.54,3.2,2.92,2.8,4.7,2.71,28.617,0.436,7.2836521739,5.6367256422,0,2,8,4,0,0,3.08,0.66,1.7585555556,0.6145101231,0.145,0.133,0.1383333333,0.0046427961,1.6666666667,13.59,1.075,3.5744482759,2.619769121,246266.198605889,-267593.780708118,3.00930065960065E-012,6424.1187887547,41044366.4343132,-50825199.725374,-282.2282632676,1272701.63435065,4688.2916764849,0.5040712103,24.5866221323,157.4309973087,4552.2479247982,1.89478062869353E-011,19.3429556573,127.079694972,4128.5774113971,0.0015295549,10.2613065018,93.5966221754,4.7362981482,-25.1372585125,-9.9233419599,7.9814725256,12.5428066671,-12.474436584,0.0010903718,0.3467425479,0.8555489963,604.4040063663,6.5990666956,141.2261695566,142.6826049188,4840.4655531631,1,0.0713122979,0.674451168,0.3245688037,244.8961989135,-156.107296399,0.001176153,4.6560202822,1.2641583455,-197.5024219095,-0.2729108615,3.323260115
100,3.08,3.83,2.77,3,3,1.8,3.6,3,9.477,0.111,1.9132063492,2.2865465202,2,2,10,40,0,0,3.149,0.399,1.0004444444,0.6883023578,0.165,0.087,0.1211111111,0.0195302867,1.4444444444,4.295,1.045,2.0088,0.9188378747,24819326.2418965,-26340523.5844943,-2.65247153109256E-009,225710.37664988,26340523584.3685,-43609736447.9388,-7.3227656681,341742672.338437,28827.8301577708,0.6675506053,139.1044590143,508.9167766063,28744.8545283308,2.88885644293699E-005,122.0868026638,487.5916174008,6889.1526422846,3.00406099994164E-006,34.0712224561,156.6356124421,2.8256999166,-98.2065053288,-55.207963031,27.5951157744,18.5985556255,-2.485553166,-0.0010668287,0.2404785087,0.9610585189,3387.623775613,76.2202307472,977.533177454,694.019500751,21468.4006403853,0.98611675,0.0488691689,0.4318601484,0.3289460191,175.1979451865,-357.5091735278,-0.0151663057,2.9151089234,1.2007779779,-158.6393806217,-0.2818173419,2.396085597
101,3.33,3.08,3.69,3,3,4.2,3.6,3,7.876,0.137,3.0701621622,2.4767336327,0,4,12,8,6,3,5.442,0.306,0.8653703704,0.9601438993,0.954,0.076,0.1674074074,0.1612486599,1.1666666667,5.369,1.352,2.80525,1.1263810579,368781.219144994,-560419.952729665,3.55507070283392E-011,11041.6972195169,216740610.781428,-203588403.315273,-1.14178559336043E-008,4928917.8910133,3970.6665960698,0.3598470811,78.9046233236,238.5755472599,2531.4194633599,0.000005684,53.7624147844,189.6492268654,3059.1026000559,0.0027253361,37.4471575582,151.2769487691,9.7020038854,-19.6441600236,-5.1680946226,7.4445999513,43.6327571426,-6.7050426311,0.0058706195,0.4880879963,0.8388948254,1305.9659349428,143.6924331835,435.3998383816,310.144743129,10081.6922197805,0.9933836468,0.1247416353,0.5446209104,0.2914374183,46.8626973717,-1972.6073102059,-0.2110453355,20.696551431,3.7320525193,-40.8996273488,-0.0473316018,0.720597646
104,2.67,3.33,2.54,3,2.92,4.4,3.9,2.86,15.367,0.139,3.5732439024,3.3068639685,0,6,15,8,12,1,5.143,0.303,1.6537741935,1.1297273068,0.177,0.096,0.1278709677,0.0196809093,1.5555555556,9.962,1.091,2.5861851852,1.7678051685,446414.791703866,-426316.817850636,5.72070872453565E-013,12736.6954325268,65931841.8641711,-69213161.3680858,-9.45929642189408E-010,2451785.52400683,7129.5926924734,0.1807427317,72.8183397943,279.8944280159,6551.2569998672,0.0001346936,59.768336159,242.0046087146,3686.4681203028,6.76614360729514E-005,26.9288485624,144.151843254,35.3774137108,-12.9598341583,9.3674472809,12.9188433207,8.1928158925,-15.7637920943,0.0010601074,0.2816078769,0.9422928467,1628.6789330659,35.0882502137,388.8790005676,374.4338859893,11269.2646590793,0.9999409403,0.0572236326,0.6001322788,0.3200382192,275.9755582042,-78.9264123506,0.0137450659,2.8955870386,77.564035664,-34.0237798269,0.0901851335,1.3384332785
105,3.83,3.08,2.38,3.4,2.67,1.8,3.8,2.14,15.414,0.136,2.8238705882,3.4443989514,2,2,6,60,5,0,2.655,0.375,1.0338695652,0.6767127259,0.013,0.009,0.0106086957,0.0010930265,2.9444444444,11.183,1.116,2.5889607843,1.7701691839,1459033.9024063,-1281846.22196528,-2.05323285450345E-010,13298.3181698179,729516951.168622,-729516951.202904,0.000000053,8765939.79374168,7203.7470512772,0.1118928243,41.1469875625,178.0772393125,6247.0092689075,5.68434188607385E-011,29.0745475407,155.0884077453,3587.3174898481,5.68434188609405E-011,18.2548481191,90.4079351334,39.6869653626,-10.0103753344,14.9699839155,12.5775751784,24.3227068697,-36.4565922531,-0.0045296657,0.4821209532,0.8254704795,1221.5808770022,2.6903696232,234.5924952007,269.6361116191,13468.0671033401,1,0.0205078337,0.6893060096,0.3157129417,1370.4323717893,-810.70376545,0.0621574872,16.087228224,141.4483134118,-9.0721749677,0.2490400113,2.0683099443
106,3,4.33,2.38,3.8,2.83,3.2,3.5,2.14,,,,,,,,,,,,,,,,,,,,,,,,,,,,,,,,,,,,,,,,,,,,,,,,,,,,,,,,,,,,,,,,,,,,,
107,3.08,3.25,2.54,2.8,2.42,2.8,4.1,2.14,19.491,0.104,3.7429545455,4.2454760305,0,3,11,16,4,0,7.462,0.291,0.9412727273,1.5368864979,0.153,0.055,0.1047272727,0.0271965603,1.6111111111,8.936,1.04,3.88625,2.0475838135,2657263.13946114,-2409162.39163129,-1.80554167708212E-010,28134.5826924889,885754379.820364,-885754379.820477,5.62299715699508E-008,12468912.1952586,10120.4161077289,0.2380288376,57.4744382895,294.3121987915,10018.7868485809,0.0015259821,44.8518622707,267.8083114723,4809.0344297609,0.00011238,24.0687019538,124.9427779331,28.715164549,-6.7523281495,9.386485398,9.8906064478,6.5709485094,-10.6181367248,0.0001355692,0.1967431576,0.9361822384,2032.7036398134,4.6834665593,346.5823602374,411.6956744214,10102.8414982473,0.9996863857,0.1231922175,0.5639438638,0.325356693,115.4634950655,-100.6915779357,0.0010380345,1.7494969746,107.6264399012,-4.945880018,0.0997873084,1.4683986649
108,2.58,2.33,1.85,2.8,2.92,1.2,3.7,3,,,,,,,,,,,,,,,,,,,,,,,,,,,,,,,,,,,,,,,,,,,,,,,,,,,,,,,,,,,,,,,,,,,,,
110,3.58,2.33,2,2.2,2.58,1.4,4.5,2.86,14.313,0.157,3.6898484848,2.9645936317,0,5,15,7,1,0,1.375,0.348,0.5499473684,0.2179073859,0.193,0.066,0.1583684211,0.0286929489,1.3888888889,7.173,1.14,2.879,1.4153215477,2104314.92496551,-1921212.28555046,-2.38027858429762E-011,24208.7199144606,701438308.32181,-1341842403.50527,7.22222333033921E-009,12235508.6257967,8495.2668266023,0.4033271213,54.1784992445,239.7514510448,8346.3101901787,3.78956125738706E-011,39.7214208711,198.8178471391,4413.9376393378,0.0098170865,25.6688430732,136.5681183026,36.5852887847,2.0049824246,20.4297733329,10.6374779408,1.9843245972,-9.0981058373,0.0015611968,0.1903261512,0.9617745519,783.5494558834,16,256.002252515,197.5919326053,6804.2750801272,1,0.1350242336,0.6253116382,0.2919359861,92.8129750631,-10.6986163528,0.0136633569,1.192718802,83.1871626661,0.0006062131,0.2274467587,2.02967448
111,2.75,2.08,2.15,3.6,3.67,2.8,3,3.71,10.662,0.171,3.6062903226,2.6688529032,0,1,5,6,5,0,3.089,0.165,0.7793913043,0.7650529245,0.15,0.079,0.1197391304,0.0181448697,0.9444444444,7.268,1.424,3.2745625,1.7617995051,10198283.494294,-16291243.2700095,2.10678097302753E-009,97506.4240484727,16291243269.9326,-16291242937.1885,-2.19962798252506E-006,138040886.315456,19156.6293945192,0.579649701,66.3617738851,321.9283812064,8804.4716288724,6.28915586277446E-006,51.0331341005,204.925696149,17618.7386324191,0.0002318114,25.9128700258,250.5421503621,6.4315107722,-22.3710756398,-8.3699291156,7.1553658715,56.945356322,-7.389187105,0.0058705803,0.6992308916,0.8964353886,1381.6117020888,46.4360926107,418.7374469605,305.0509518237,7805.2482310552,0.99156889,0.0893232765,0.4485805233,0.2826967373,54.4948209469,-3282.4128796605,-0.4374056507,37.9032438125,4.8715526118,-38.5757124898,-0.0895737143,0.7633016372
112,3.33,1.17,2.54,2.6,2.17,1,3.7,1.86,,,,,,,,,,,,,,,,,,,,,,,,,,,,,,,,,,,,,,,,,,,,,,,,,,,,,,,,,,,,,,,,,,,,,
113,3.5,2.25,2.31,2.4,2.75,2.2,3.9,3,,,,,,,,,,,,,,,,,,,,,,,,,,,,,,,,,,,,,,,,,,,,,,,,,,,,,,,,,,,,,,,,,,,,,
115,3.42,4.33,3,2.4,2.75,2.8,3.7,3,,,,,,,,,,,,,,,,,,,,,,,,,,,,,,,,,,,,,,,,,,,,,,,,,,,,,,,,,,,,,,,,,,,,,
116,2.58,2.83,2.38,2.4,2.5,3.4,3.9,2.57,25.845,0.102,6.3241470588,7.0652182562,0,2,13,12,3,0,9.571,0.347,1.615,2.6283368451,0.013,0.011,0.0118095238,0.0004994328,1.5,16.658,1.154,5.0886923077,4.5628351828,8050369.95243768,-8162292.77884334,-1.35071734134716E-009,59782.7475857558,8162292730.04569,-16212662731.3188,2.38741043849586E-006,89357650.2243644,11309.4460533945,0.2637799606,50.3983185854,241.320027676,8414.6448355742,1.31208253151577E-005,41.8989425721,210.6885681435,9456.8438756809,0.000205668,16.2743404462,119.8553210408,28.3836640087,-6.742673859,9.2953061935,9.280017045,7.8111144012,-3.1002773457,0.0019762408,0.1695011572,0.9535887658,1996.4205450878,8.2391614172,389.2704948671,406.9216406223,11536.2962202098,0.9997442627,0.0805651471,0.5325486659,0.3322908412,9.2828665871,-93.657435129,-0.0109615241,0.9969724229,51.4821754778,-10.0777009049,0.1106424245,1.1259784276
117,2.92,3,3.46,3,2.83,3.8,3.8,2.71,10.666,0.127,2.3855068493,2.9068019433,3,11,37,49,1,0,7.767,0.304,1.1903157895,1.6387059738,0.219,0.196,0.2105789474,0.0070361158,2,10.393,1.047,3.0565454545,2.0404599317,20766187.2465414,-19979428.1664128,-1.18921180538535E-011,117493.146840958,20766187244.6732,-40745615412.7597,3.71112937558901E-006,178927607.883293,21142.0022649463,0.1509257811,68.9571631524,314.8135016714,17585.2541710571,0.0001615922,46.0067977262,214.1916121926,11736.4004494705,1.13686837721073E-010,36.8350118254,233.4762106036,16.8979962536,-63.3454447233,-21.3187100045,22.5284808046,31.3215158193,-6.9184122861,-0.0025207266,0.3825649897,0.9242491182,1673.2018664587,52.7497908836,439.3502939936,395.5234983304,17982.663566611,0.9979775577,0.0238282569,0.4929064553,0.342392752,78.9566998901,-1156.0721733797,-0.072154317,9.2509268803,40.1286857746,-113.9183322294,-0.1114916386,1.4192321631
120,3.25,2.25,2,3,2.92,2,4.1,2.86,13.914,0.134,3.6317021277,3.8766750006,0,4,9,25,1,0,1.983,0.347,0.8658947368,0.3741676932,0.204,0.082,0.1452105263,0.0303758542,1.7777777778,10.423,1.068,3.9758064516,2.664310943,3167005.28171577,-2988003.58815771,-5.63457130353697E-012,32870.7385705272,1583502640.58043,-3077504434.92205,1.37158400858535E-007,23565820.2110801,8201.2004948437,0.6894591262,36.9925443006,222.7784116404,8029.8568910559,0.0125816455,26.1010627394,184.7394985535,6561.5632923494,1.54614099301758E-008,17.8017432376,125.9834082831,5.2515443335,-26.2655945603,-10.516459565,7.5815200692,4.6021669889,-29.6645853486,-0.0108416769,0.5089605655,0.9485374076,683.0010634903,22.8479084097,254.2463420045,169.7642812672,6746.0433105105,0.9950487157,0.158612998,0.6081520868,0.2621833871,1010.515443301,-211.1181687845,0.1009683713,13.1627648677,0.5815619283,-26.4675325168,-0.1184805832,0.7193181209
121,1.83,2.75,2,2.6,2.67,2.2,4.6,2.71,21.069,0.109,6.063875,5.8343841285,1,4,12,16,4,0,16.716,0.432,1.7875,3.380243479,0.166,0.157,0.1608636364,0.0024734123,1.7222222222,15.533,1.187,6.1864,3.8038931338,1519742.04465208,-1122184.4491308,6.06029530808287E-010,16069.3921329889,759871018.856327,-759871022.344009,-3.34055248392702E-007,10284249.6772056,5106.3608175111,0.0910434925,26.275808471,142.8184782335,4815.4720222529,5.59844011147162E-005,19.3273186712,120.3847815268,3625.0000000084,5.68434188605366E-011,11.830923894,77.9841279062,6.4576357785,-22.0224597918,-6.3754982678,8.3614114528,146.6093863448,-11.7483404463,0.0168612587,1.705656149,0.9387316197,889.610381202,53.8470570399,266.8532669159,205.9833600669,8221.2899938733,0.998788049,0.039466515,0.6243133006,0.3366039145,4433.2851116462,-27758.8887663013,-3.0297719124,317.0479387338,22.8671480069,-91.678755427,-0.087497733,1.5402570731
122,3.67,2.5,2.69,2.4,2.33,2.2,4,2.29,12.239,0.106,3.9802727273,3.2159308683,0,2,15,12,0,0,1.593,0.316,0.7149444444,0.3538490689,0.031,0.023,0.0275555556,0.001739164,1.2777777778,5.999,1.157,3.6525,1.3281919272,2579874.42873084,-1465840.67454654,4.95624934415305E-010,32363.9083973963,1289937214.35903,-1403836255.38689,-2.90935352447483E-007,21404409.8603521,7590.7535759235,0.221444176,78.3599318291,296.4401088585,5189.1261813422,0.0084025802,59.0994322595,219.8669674997,6979.8495669149,0.0008343808,31.0660809602,203.0214012836,57.9385347162,-9.8498453082,22.5406997725,23.6913302586,32.8013365318,-6.6585873179,0.0100698704,0.3781978299,0.9466684959,2274.7009499603,7.783935296,432.8430584122,439.9509472338,10648.8186027525,0.998953024,0.0730855622,0.3992986596,0.2615824177,58.8576006954,-2673.761682798,-0.2594077995,26.2528840927,297.7450364844,-9.9006531712,0.1826947176,3.2999835281
123,3.92,3.92,2.08,2.8,2.58,2.4,4.7,2.43,12.938,0.1,2.9336666667,3.28513885,4,5,22,22,3,2,6.339,0.271,1.037826087,1.3153623291,0.406,0.078,0.1332608696,0.062254888,1.6666666667,13.947,1.049,3.9199230769,2.7246575921,10858581.9525497,-11663413.4434958,-1.08227472169501E-009,79011.6802253353,11663413443.4401,-22521995395.9379,7.66763549438839E-007,125147640.865412,11831.9285473352,0.2517031874,33.5039077252,240.6131754874,7545.3948353221,0.0005954881,22.3430283665,174.6794136897,11823.5545435193,0.000039493,16.1947733201,166.5617989952,85.125697726,-6.3088140386,45.6304820457,25.9768638635,21.6799685714,-114.5865536163,-0.0002529278,1.2799786327,0.8756977923,1051.9290996179,20.758574807,335.4105485106,277.3506832531,10001.0191483003,0.9991803127,0.080544755,0.5566402535,0.3009841805,13052.7576944508,-2346.1568655493,1.0640851838,137.2443640323,200.8985089447,-16.9208639006,0.5019548435,4.620058591
126,2.33,2.58,3.38,3,2.83,3.2,3.9,2.71,22.026,0.365,6.7936521739,4.8542938376,0,3,7,3,1,0,4.629,0.535,2.2172631579,1.0224473654,0.273,0.01,0.1330526316,0.048800856,1.7222222222,12.006,1.426,3.6586666667,2.2894798002,10578153.189553,-8043270.48152553,6.80753951190683E-010,62984.5968615878,3526051063.16746,-4866836376.34878,-4.49900095369604E-007,30322606.2081166,36557.4060023596,0.2301413416,31.8842277533,282.0862496171,16626.8707253744,0.026837218,25.9679605327,198.7639220483,32557.5045650469,3.78956125738706E-011,11.3150450898,200.698266746,18.8790405662,-1.1095391003,7.2571897569,5.7687190522,10.2334390268,-10.0800457168,0.0024555816,0.2961266221,0.937604502,1057.5656308129,3,171.6945850519,240.2568990485,5716.4675785222,1,0.0467499423,0.7520974933,0.2768657774,168.1645532764,-57.5070060093,0.0136942969,2.7515432291,65.00038376,-0.0422611809,0.163800771,1.5587693355
127,3.42,3.58,2.69,3.2,2.75,3.6,4.2,2.43,8.543,0.139,3.2596666667,2.3744830782,0,3,10,9,2,0,2.005,0.326,0.84125,0.4830289717,0.157,0.086,0.1265,0.0173161774,1,4.539,1.223,2.4510588235,0.9191757478,14479924.1194765,-14756908.3960575,-5.95901018636049E-010,124269.794143147,14756908396.0917,-29236832515.4983,4.72908659847809E-007,187811076.892985,18637.2849031388,0.1812903955,58.8787383213,334.2511783507,9026.6823671185,0.0010293913,40.8855361805,209.1190797772,16305.440625874,5.60279431737624E-005,30.1615395102,262.4469870162,23.3797298308,-1.5083522792,11.0757196247,6.0746851091,23.9110733235,-23.9082835039,-0.001456797,0.5148582517,0.9171012736,1139.0548865825,67.7848469653,323.7533652822,229.5196023111,6503.2299527082,0.9965840727,0.178553326,0.5680307262,0.2700110659,588.0234772566,-788.097040507,0.0265214199,13.2293908167,84.0055432936,-0.428401679,0.1830527327,1.8039474573
128,3.08,3,3.31,2.8,2.75,4.6,3.6,2.71,,,,,,,,,,,,,,,,,,,,,,,,,,,,,,,,,,,,,,,,,,,,,,,,,,,,,,,,,,,,,,,,,,,,,
129,3.58,3.67,2.69,2.6,2.67,1.8,3.9,2.71,8.795,0.112,3.499,2.7237270077,0,1,11,11,1,0,1.512,0.281,0.7413684211,0.3612587949,0.153,0.089,0.1151578947,0.0153082818,1.0555555556,6.393,1.136,2.6496111111,1.450193977,1537298.85873429,-2140308.42148145,1.14462505782405E-010,31738.5785670546,1070154210.66717,-1433354402.45765,1.97354884822801E-007,21860311.0814918,10592.2703998687,0.6945779991,98.253325265,377.7208874016,6393.9507509214,0.0013680394,81.713280814,305.4707677012,10490.0522546741,5.68434188607385E-011,28.7259617095,226.9628904636,3.8211936286,-57.9154987035,-24.0415951053,21.2516954289,11.786943407,-2.1076400545,0.0002249277,0.2028548414,0.9634059112,1512.8876906184,69.4263652486,556.8696608805,421.7076462128,11172.8514052719,1,0.0992321595,0.5256248614,0.2816841168,13.5335518304,-224.2878411882,-0.0264774491,2.320699819,1.4625310512,-201.5592471286,-0.2297544811,2.7369884217
130,4.17,3.92,3,2.2,2.92,3.4,4.3,3.43,14.871,0.102,2.8986557377,3.5812619073,2,6,15,35,4,0,16.515,0.287,2.0662727273,4.3422200562,0.191,0.121,0.1576363636,0.016032766,2,13.618,1.056,3.6401388889,2.511722673,3843082.35066451,-2533018.5377792,-1.3287861383128E-010,35621.1448411352,1281027450.22752,-1281027446.93157,7.06391281711418E-008,16235320.2958807,12509.7618139831,0.1742486661,56.6742022082,245.1972481222,9489.2188211248,1.37277614461098E-005,35.987371532,204.6618218151,8779.1938501998,0.0004620427,30.0668168371,138.7374858841,35.0632056401,-16.6019994402,5.9173251915,14.4516504314,55.6561629634,-9.7394466201,0.0095710167,0.7449432382,0.9459296895,1842.2488892119,11.3684862969,381.8294562851,412.7653584192,13038.8185734694,0.9988754178,0.0328889728,0.6137837911,0.3077880674,1286.5974552107,-4633.5400653459,-0.27503599,42.7460614596,71.338491186,-67.7797341119,0.0352952761,1.3754181408
131,2.5,2.67,2.92,2.8,2.67,2.6,3.9,2.57,10.208,0.109,2.8456585366,2.8102159765,0,2,10,18,2,0,2.416,0.48,1.06355,0.5228002941,0.419,0.096,0.1406,0.0672342175,1.1111111111,7.116,1.064,2.8225789474,1.7027031857,96279434.9873583,-95923771.843969,-1.29122010812052E-009,502471.18106086,96279434987.3583,-96279434987.3584,3.74662107935467E-007,765269841.117183,96279.4349873583,0.0585125031,93.2574943773,622.5718106622,74433.1347152086,0.000012914,76.7872175196,511.8578313971,61069.1252430602,0.00021533,32.0899557039,356.8867300625,24.8630588347,-4.824839566,11.2656625738,6.4981289686,3.8481232458,-5.9969502202,1.26811976203841E-005,0.1512968835,0.9621192513,2000.299413759,8.9451218207,522.384786315,516.7986474453,11449.4549409194,0.9975140832,0.0532114801,0.5298710311,0.2917722194,90.6270286692,-21.1576218924,0.0107708271,0.9975389307,815.5050099174,-0.9826743296,0.1687447622,7.8413796864
132,3.42,2.67,2.08,3.4,3,2,3.8,2.71,13.998,0.115,5.9425925926,4.3611474217,1,3,11,4,2,0,4.426,0.603,1.2736,1.0029198074,1.446,0.205,0.27735,0.2681591458,1.5,32.142,1.131,5.457962963,6.2999482801,1897771.21226341,-1424409.14771542,-2.40062348283687E-010,25697.8989641003,632590404.090776,-632590395.586498,1.59286255925481E-007,11618998.2384725,9851.1083495816,0.1579125002,36.6550979548,234.8417597743,4974.406807347,4.53882573009661E-005,28.3430698944,162.5420400334,9270.7601684968,0.0013782473,15.8545110921,170.3515143129,42.4048075081,-6.3111632168,18.9870564438,15.9232287181,5.7841835193,-2.0314189466,0.0041939012,0.2382002928,0.9431374507,1663.0678467015,17.5927685182,307.590499797,374.9784966992,8613.1623265788,0.9995829263,0.1035730752,0.5591853407,0.2830816675,4.4923966219,-35.1606143704,-0.0096745619,0.6339066451,158.8190377247,-6.7310593707,0.2340271768,2.7290067364
135,3.67,2.75,2.77,2.6,2.58,2.2,3.9,2.57,14.665,0.113,4.5991,3.8095445603,0,1,2,7,3,0,4.231,0.634,1.4294736842,0.8346970058,0.197,0.142,0.1636666667,0.0165539043,1.5,6.999,1.085,2.9733076923,1.3501198457,1147526.98798066,-887571.858041371,2.23532910001446E-010,14355.6654860415,286881746.995834,-346639866.910801,-3.11339469182052E-008,4972342.50678881,6461.3396624316,0.5321482629,39.5831283359,186.011265179,6430.0731783661,0.0001132893,27.5068045489,153.4460771902,3497.3581948587,0.0016407477,19.5580525699,107.1549088958,4.4522673922,-27.4121853432,-10.17403268,10.9938477377,4.5817220817,-2.7063534731,-0.005753652,0.1857220995,0.9566252798,1168.8354872021,31.2878108036,199.0315560365,233.755782187,5690.0167917802,0.9999627379,0.0799422691,0.6759270869,0.2537937226,11.6543553542,-21.3466355603,-3.80361424366006E-006,0.4684307978,3.3939315819,-25.2741684412,-0.1453552377,1.0566834742
138,2.58,4.08,2.92,3,3.5,3.6,3.8,3.86,19.631,0.102,3.4952045455,4.9866248313,5,7,14,17,4,0,15.512,0.335,6.0545263158,4.5789432517,0.155,0.054,0.0876363636,0.0233404554,1.4444444444,15.785,1.762,6.7557727273,3.8338655182,3797027.19790205,-3797027.19787906,-2.88526710215085E-011,13460.4413789423,1898513598.95545,-2706969027.7188,-2.63334932520695E-007,9278979.83209742,8513.3080722338,0.0041984904,4.6009620292,104.3713475095,8513.3078750044,0.0007746387,3.637423638,92.7016780506,5524.3792428989,0.0041264096,1.8639265006,48.0025087513,49.7789180477,0.8005889687,33.5390119218,8.1711949343,19.3810391114,-7.5762677771,0.0016960479,0.2114694709,0.9160486979,1446.9105771193,33.8230419761,522.7967018719,445.9670526628,15672.7314404715,0.9995037674,0.0293668154,0.6048807371,0.3711301053,94.9320395648,-372.8165395477,-0.0158356802,3.3279564798,8320.1171447866,0.0001296878,0.7661700642,70.5190975078
139,4.08,3.83,4.08,3,2.67,4.8,3.6,2.43,19.132,0.208,4.9198695652,5.2204912046,0,1,3,14,3,0,4.71,0.538,1.5221428571,1.2858891415,0.138,0.118,0.1288571429,0.0062585995,1.6666666667,16.165,1.22,5.7008333333,4.0926603335,8009923.30649119,-8737278.31504928,8.6391877497069E-010,74877.5003182151,8737278221.26415,-16118514207.171,-6.60846594388602E-007,108787041.396112,12127.1567847237,0.1046877269,69.9039344554,384.0351386279,12127.1564583017,0.0006092444,59.434328827,366.0278617583,4568.3129628594,0.0002245117,20.2395870293,120.2126110009,25.5583160071,-9.5728307291,6.9042665785,8.0533268121,16.3383120197,-6.4778137247,0.0017254285,0.2013713148,0.852977321,2586.5066862928,10.8398367118,549.3404192982,527.6621426301,18556.3021210931,0.9999665622,0.017705862,0.5936113774,0.3463440177,51.9002003645,-293.3778547777,-0.0205481437,2.6451634346,68.8792540117,-1.3080430846,0.0547875375,0.933077242
140,3,3.83,2.31,3,2.67,2.2,4.1,2.43,15.533,0.112,2.4407692308,3.7756156398,2,4,11,56,2,1,8.004,0.33,1.0997619048,1.5825318745,0.22,0.103,0.1436666667,0.0318453605,1.8888888889,15.288,1.027,3.5603636364,2.93736534,3125947.43992411,-3779777.78224277,5.23287251084193E-011,41187.2141463806,1889888891.11236,-3452862611.06696,-4.0339415287,29194113.0660879,10131.816436008,0.0322453725,105.3541622847,356.8845520598,9847.4934458391,1.21981585538195E-013,78.3877704076,304.3741849773,5594.3897224462,0.0001686133,42.982829958,194.5000573479,21.9854612936,-6.712137336,6.1993825271,5.5349814721,21.7663301304,-9.8667515882,-0.0015893607,0.3075090578,0.9405599324,7731.7703341545,3,804.1494355151,1456.1616368084,25660.9177904612,1,0.0135367522,0.5156755441,0.3852642207,546.4547351879,-3135.7242618077,-0.0891459218,19.9778150282,34.8701607518,-18.4969553792,0.0414900555,0.4942683933
141,3.5,4.33,4.15,3.8,3.25,4.2,3.9,2.86,,,,,,,,,,,,,,,,,,,,,,,,,,,,,,,,,,,,,,,,,,,,,,,,,,,,,,,,,,,,,,,,,,,,,
142,3.75,2.67,2.15,2.2,2.5,1.8,4.4,2.71,10.022,0.105,3.196025641,2.9981628348,0,1,4,18,1,0,1.287,0.227,0.4625263158,0.3262802103,0.209,0.116,0.1466315789,0.0221316885,1.2777777778,9.003,1.218,3.225173913,2.0567408083,1240602.28963623,-991732.106852978,1.35025736322751E-011,26652.4486450332,413534096.54344,-667690168.706864,-1.28022377086795E-010,13321823.1750803,6158.6482758437,0.3493994312,58.8973409937,223.6611777705,4756.4462840975,1.90817767676522E-005,43.9194482686,176.179368749,6102.3516411816,0.0031359615,23.7452238395,141.2844494403,11.769271464,-16.2197579692,-2.4360811125,6.7954329807,3.9803589269,-7.5344328908,-0.0001196486,0.1982766029,0.9613091246,985.8077294665,18.455246354,336.194397093,221.0983179548,7509.0266934186,0.9788332574,0.0793956355,0.4031106837,0.2335464631,267.0655565699,-17.7946144936,0.0355061912,3.1194619853,10.3678587726,-10.539926134,-0.0155558149,0.3278707826
143,3.42,2.5,2.54,2.8,2.75,2,4.4,2.71,15.513,0.135,3.8138571429,3.7218387632,0,4,21,12,4,0,9.204,0.369,1.5230909091,2.316978595,0.013,0.008,0.0097727273,0.0017037877,1.3888888889,10.504,1.224,3.47025,2.3078215061,32730820.0355478,-31678148.208299,1.19405331756616E-009,220697.480547264,32730820035.5477,-63839173565.6362,-1.04043486456471E-006,337045081.03475,34484.6201145596,0.2650102039,55.1940070456,451.4541215027,34454.4590818089,0.0012559693,40.2477377726,375.7501126553,20061.7183310971,0.0158101934,25.3339942982,251.8081877385,43.9106610272,2.4399565976,19.8595982498,12.9705881963,46.5238482161,-9.956326721,0.0130439345,0.5975285942,0.9549812092,1332.9066760725,5.3751317174,284.879524146,310.5999967726,8164.6501165736,0.9975342843,0.1022703049,0.6735426153,0.286912979,574.8774023937,-1904.1242949882,-0.2262350925,23.6663961163,197.1829027039,7.63991557069713E-005,0.259461155,3.0195698514
145,2.92,2.25,1.92,3,2.75,2,3.4,2.57,,,,,,,,,,,,,,,,,,,,,,,,,,,,,,,,,,,,,,,,,,,,,,,,,,,,,,,,,,,,,,,,,,,,,
146,3.83,3.08,2.85,2.8,2.5,2,3.8,2.29,,,,,,,,,,,,,,,,,,,,,,,,,,,,,,,,,,,,,,,,,,,,,,,,,,,,,,,,,,,,,,,,,,,,,
147,3.83,3.33,2.62,2.2,2.42,3,3.1,2.57,,,,,,,,,,,,,,,,,,,,,,,,,,,,,,,,,,,,,,,,,,,,,,,,,,,,,,,,,,,,,,,,,,,,,
148,1.58,2,2,3,2.67,1.6,4.6,2.43,11.041,0.116,3.6310714286,3.2469845087,0,2,9,17,3,0,2.79,0.388,1.029,0.7120240098,0.187,0.101,0.1311904762,0.0190853198,1.2777777778,7.983,1.164,3.3954090909,1.8112927242,402799.037114009,-479807.111870478,-2.28570165669788E-010,11342.0079093995,119951777.967473,-119715011.989171,8.06236238660621E-008,3617787.74098749,3919.6543390084,0.4340626222,61.772791795,209.0898415798,3409.6429645846,0.0037645576,49.7296179544,181.955869923,3134.7803275287,0.0007482434,22.0825178275,107.0786092694,3.0462505117,-31.8936137178,-12.2031143955,8.9351547055,2.9622795847,-6.6119337995,-0.0012712103,0.1657691595,0.9691400477,1092.7998159875,33.3078910464,394.3814502542,311.5747019908,9778.1232810022,0.9961901616,0.0790920808,0.4965528847,0.3021027273,46.4825481332,-15.3282876603,0.0076709233,0.6628061526,2.6018539703,-22.3560596759,-0.1217843279,0.6065452206
149,3.33,2.17,1.92,2.4,2.5,2.4,3.4,2.57,,,,,,,,,,,,,,,,,,,,,,,,,,,,,,,,,,,,,,,,,,,,,,,,,,,,,,,,,,,,,,,,,,,,,
150,3.17,2.67,2.92,3.6,3.25,3.2,3.5,3,8.961,0.2,3.0076857143,2.7235941356,0,3,17,11,4,0,5.341,0.469,1.3173181818,1.1393783547,0.007,0.002,0.0039090909,0.0012026142,1,10.608,1.072,3.2812941176,2.2730888486,21859338.5089657,-10908690.7388941,4.20948734637727E-010,121174.196371702,10929669254.5083,-10929669243.7126,5.86066267798844E-007,77902091.876356,43727.0163777958,1.3627212102,61.9814485844,488.7593169365,10214.7762508654,0.0007754415,38.0060051245,148.7183181515,43726.9873281905,8.01862825030234E-005,32.8238060908,466.999328731,36.1792727368,-7.891959572,11.2932386698,13.8416452858,7.3677355288,-4.6572684261,-0.0013183377,0.2512701467,0.9138449708,1361.9136473831,100.7182731869,357.9676053736,276.7041029139,7849.0006048946,0.9891905715,0.0214043881,0.5000825332,0.2710595232,26.616528619,-258.4514024616,-0.0264831848,3.2201545439,12.6448602308,-1.8486041058,0.1290706125,0.6224808058
151,4.5,3.92,3.62,3.2,2.83,3,3.9,2.57,39.308,0.103,7.535525,7.9377206111,0,5,12,17,1,0,2.774,0.548,1.3043684211,0.514261577,0.162,0.08,0.1244736842,0.0179630276,2.2222222222,14.556,1.103,5.948974359,3.6381869286,43083447.055635,-43103517.586383,6.05290263996807E-010,136431.137929773,43103519264.1812,-43103517584.9521,2.74042657118706E-006,203606938.550578,43141.4137894969,0.0440731517,25.9597603171,265.0846033106,36030.4043095337,2.27373675442146E-010,20.2370025172,192.725142642,23727.4429521629,4.44977104050544E-005,10.9933665729,182.4017134848,25.7029942222,-3.1759878016,10.981555372,7.4265872676,3.7387132125,-85.8440855328,-0.0093873626,0.9924462816,0.8565410606,1342.5012730267,9.817971832,198.9203292983,255.7442166368,8576.6436202152,1,0.0109493815,0.6935385277,0.3135815607,10043.2207080236,-342.6338011583,1.24728422,113.0952086645,423.8939842786,-0.445361885,0.2001100927,5.1884117698
152,3.5,2.92,2.62,3.2,2.75,1.6,3.7,2.43,15.067,0.102,3.2843538462,3.6811039792,1,4,16,26,9,2,11.932,0.331,1.681862069,2.5040354289,1.107,0.025,0.1658965517,0.1802405184,2.0555555556,10.702,1.084,4.0995833333,2.5322961295,22798179.8537736,-40110331.2547337,9.20792933939395E-010,153977.88034484,40110331254.5422,-40110331011.558,1.32286939423459E-007,218715534.072795,40717.3266926513,0.4536385059,68.4698515706,524.0883261576,12424.7038484355,0.0009821853,47.8719612106,261.7798359661,40716.9224915091,2.27373675442146E-010,34.4415196305,455.3570782647,62.1762955951,1.1530408179,36.686210809,18.7251618348,4.5983446119,-6.5355248057,0.0010975715,0.2016432922,0.9056200017,1980.942810697,7.9668658653,483.5728077637,513.6621227695,17091.4598588875,1,0.0967582198,0.4801702418,0.3152282616,44.2350419403,-23.1552192916,0.0038439089,0.6690606692,75.1584280829,0.0003888687,0.249854946,1.7606113217
153,2.67,2.58,1.38,2.4,2.42,1.6,3.9,2.43,,,,,,,,,,,,,,,,,,,,,,,,,,,,,,,,,,,,,,,,,,,,,,,,,,,,,,,,,,,,,,,,,,,,,
156,2.83,3.75,2.92,2.8,2.67,2.8,3.3,2.57,11.703,0.103,2.4918913043,2.7184818992,2,7,26,23,1,1,6.699,0.445,2.8461052632,2.0078879947,0.375,0.096,0.1788,0.0587057067,1.1111111111,8.403,1.315,4.0207647059,2.1483973104,32349247.768457,-31468484.6863066,-2.34095120682678E-009,237579.822233077,32349247768.4174,-63817732454.799,5.76657720264133E-006,403441078.170739,33086.2325674069,0.2617318727,43.6749490586,286.796030831,24545.373810077,0.0050484991,27.206614036,185.2422209669,29118.0984283075,7.98231667427726E-005,27.9211562042,219.8294639848,40.2415929343,2.2456471551,22.2886445182,12.3512225716,7.7482937076,-2.1611035795,0.0065704437,0.1607100963,0.9553641471,790.6522691032,55.8555702747,338.0555053538,208.7012366655,7512.5439222764,0.9993260822,0.1701058963,0.5422742057,0.2389368879,9.886950817,-182.4616606844,-0.0266306646,2.220743085,105.8944456366,0.0001535842,0.2650969392,2.4028000652
158,3.5,2.33,2.54,3.2,2.25,2,4,1.57,15.147,0.104,3.2129206349,4.211280525,0,6,21,34,6,0,7.744,0.221,1.4424782609,1.7057899068,0.144,0.087,0.1109583333,0.0153744354,1.7222222222,12.43,1.037,4.2168333333,2.818236459,22903196.9468136,-30365936.6841881,-2.34120374648252E-009,150553.148826111,30365936606.1196,-30365936684.0422,1.94529675315356E-006,213426957.285511,30497.216945788,0.1298763843,70.7015269558,372.3844984388,14222.6780723645,0.0005075435,49.2358192945,265.2707614538,30497.0317036828,5.68434188609405E-011,32.0596794288,264.2883931663,6.2921631151,-23.9246158866,-8.7475342263,5.8818470156,23.8955975748,-4.5489920187,0.0022818147,0.3093471705,0.9450191068,2504.9809036373,32.9470851681,471.8862932086,525.2052608108,15085.4390509869,0.9998079787,0.0804925563,0.4975122388,0.2378665978,249.839819529,-443.4196833374,-0.0393411007,5.1726280373,2.4206966557,-55.5559920353,-0.0587582924,0.5737833029
159,3.67,2.92,2.46,3,2.58,1.8,4.3,2.29,7.792,0.101,1.6506792453,1.6907848883,2,6,16,25,2,0,1.136,0.236,0.4717777778,0.2108990163,0.017,0.007,0.012,0.0032249031,0.9444444444,6.321,1.144,1.8782142857,1.2706198813,40705643.55929,-40968695.4136797,-7.79737071706102E-009,173461.7664883,40968695414.6485,-40968694514.5286,9.95413425672852E-006,249937654.073586,43706.4855003433,0.1265117637,66.1395163458,324.8647575052,15545.7153806223,7.15613168719067E-005,45.8162134838,228.249290421,40848.3489029414,1.13686837721073E-010,31.7965389435,233.8881408,8.7679618069,-26.1048351838,-2.9356150276,8.0173215114,300.8686162972,-25.6605569307,0.0283132289,2.9415986627,0.9195587614,1502.6611320468,49.1944574954,610.5472300757,464.249042943,11039.2462212747,0.9963802987,0.051207458,0.3625355977,0.2959026517,6214.1568694471,-105124.196598036,-9.1850243099,1015.0094230337,22.5027839242,-21.0560950123,-0.0284104242,0.5258239495
160,3.42,2.75,2.46,2.4,2.42,2.2,3.9,2.43,23.225,0.104,5.2064594595,4.5012314807,0,3,13,7,3,3,5.934,0.324,1.211125,1.4050307029,0.223,0.07,0.2077083333,0.0293420619,1.4444444444,22.065,2.185,6.09512,3.7781304088,13788125.6380385,-14674484.2928014,1.40241807764643E-009,103163.040877607,14674484292.8016,-14674484292.8012,0.000000308,146410334.976933,16183.9856574237,0.0997026681,31.8305346131,231.58068688,13830.8340527085,0.0035294094,21.7059057692,167.1977010872,11763.0103501274,0.0009109866,17.2194106012,160.9971172848,25.1206473291,0.3418852679,10.6736584344,5.8354095704,5.2802684182,-6.9375843303,0.0006772335,0.2103833041,0.9310131607,938.9630278263,23.0851311176,230.2465088896,193.8677163426,6753.6953680319,0.9998182065,0.1655023835,0.5932370771,0.2915891318,48.0380349056,-26.9010722793,0.0050160798,0.7926447054,66.2000995987,0.0001279502,0.1414862419,1.5739552671
161,3.83,3.92,2.31,2.6,2.75,1.8,3.3,2.86,9.921,0.105,2.4219215686,2.414016593,1,9,32,25,3,0,2.358,0.371,0.8738571429,0.5913644663,0.114,0.06,0.084,0.0141589615,1.5,8.747,1.173,3.0687037037,1.6622203093,9405089.72215157,-9210349.9663328,3.10923573560909E-009,94743.7746022123,9405089579.68798,-14006604952.8874,-10.6737289983,136884456.919188,10298.057463804,0.2505361708,78.7752727174,415.0557998972,7812.8053564908,0.0025184574,47.6665661533,275.2229062471,10036.7869116338,0.0004055992,49.1794822609,313.1109859022,33.9895731341,-4.7099563896,14.5270434546,10.0730287824,6.0480989946,-9.4760683437,0.0022579702,0.2112262574,0.9198945382,1217.2088575732,8.785310118,365.0293794045,337.8175696364,11294.8533148351,0.9990852699,0.1407673178,0.5613908937,0.2566146556,100.771328509,-34.0637976141,0.0038022235,1.1475468619,29.6939626842,-1.5955569867,0.0964600795,0.840261208
164,2.83,2.25,2.69,3.4,2.83,3,3.3,2.43,,,,,,,,,,,,,,,,,,,,,,,,,,,,,,,,,,,,,,,,,,,,,,,,,,,,,,,,,,,,,,,,,,,,,
165,2.83,3.17,2.85,3.2,2.75,4.8,3.2,2.43,9.92,0.118,2.6463541667,2.4147404924,0,6,15,21,5,0,3.269,0.335,0.7166086957,0.6831317741,0.14,0.072,0.1090869565,0.0151368053,0.6111111111,2.223,1.081,1.4886,0.3842426837,17609126.076017,-17215850.1330607,6.28402899275079E-009,144573.089202455,17609123134.7871,-34713109031.2148,-8.25724116077619E-006,218379667.446669,18154.2555861294,0.5803235017,114.1293835948,320.9608151575,12497.7302942791,4.59067450717694E-005,87.3233111893,234.8632257302,17284.6701681752,2.02362571144948E-008,46.5809261416,226.0209789126,40.8453397276,-14.135959299,7.8015061689,12.067456731,14.9279175741,-17.543489622,0.0015081739,0.4357152905,0.9067058261,5372.237348984,172.9707398018,1251.2575260669,1417.7851859238,15658.3197400088,0.9466814741,0.0311877658,0.2758338365,0.2694729051,527.9683525559,-231.5925235064,0.0009244014,5.9070186189,46.650363619,-77.4152783622,0.0883306037,1.1132111712
166,4,3.58,2.77,2.6,2.25,2.4,4.5,2,15.187,0.116,4.66125,3.5733128536,0,2,11,11,0,0,5.446,0.297,1.2303333333,1.2284470323,0.263,0.089,0.1371111111,0.0418208997,1.3888888889,14.875,1.321,3.601375,2.9185566326,2772597.13313287,-2715659.33316803,-1.59316545322159E-010,23861.5156956549,924199044.381966,-914798217.852257,1.4028271958875E-007,11160085.4748402,12267.9449008702,0.0849383727,59.8490541636,255.5955399297,7592.0874443698,0.0006048214,48.1917166102,216.3050464187,9636.5284375562,7.79202575055601E-005,22.1323450954,138.9634267021,39.5134391316,-1.0451754375,15.3000111229,11.1443959687,6.0265346984,-4.8507984522,0.0022045082,0.2135408751,0.9616310555,1616.1494430506,28.5807329365,358.5255936883,364.5443736136,9113.5679073884,0.9999997154,0.0904248329,0.5638868553,0.3114115336,87.5571318077,-39.7200085641,0.0006933512,1.1755408586,128.3261249182,-0.5536656105,0.1581039714,1.7391031294
